{"type":"FeatureCollection","bemaerkning":"Danmark inkl. farvande. Sammensmeltning af DAWA's postnummerpolygoner UDEN parameteren landpostnumre, som derfor medtager havomraader. Bruges kun som ja/nej-tjek for om et klik er dansk - kommunegraenser slutter i vandkanten jf. Lov om Afgraensning af Soeterritoriet og daekker derfor ikke broer.","kilde":"api.dataforsyningen.dk/postnumre?format=geojson&noformat","features":[{"type":"Feature","properties":{"navn":"Danmark inkl. farvande"},"geometry":{"type":"MultiPolygon","coordinates":[[[[9.23176178,54.85181275],[9.22762695,54.85270497],[9.22614593,54.85302252],[9.22549454,54.85316436],[9.22490273,54.85329322],[9.22441852,54.8533987],[9.22354278,54.85358947],[9.22260563,54.85386552],[9.22042583,54.85451025],[9.21866369,54.85503636],[9.21635425,54.85572043],[9.21475006,54.85620097],[9.21430331,54.85633424],[9.21386251,54.85646572],[9.21185707,54.85706477],[9.21061709,54.8574302],[9.21010687,54.85758301],[9.20855175,54.85803817],[9.20790469,54.85822683],[9.20696995,54.85850624],[9.20645114,54.85865914],[9.2054541,54.85895111],[9.20507866,54.85903948],[9.20491082,54.85906703],[9.20477426,54.85908945],[9.20453738,54.8591189],[9.20425687,54.85913093],[9.20411518,54.8591293],[9.20399655,54.85912793],[9.20380161,54.85912182],[9.20353443,54.85911344],[9.20293684,54.85908014],[9.20211253,54.85904177],[9.20147829,54.85901796],[9.20061444,54.85901671],[9.1997908,54.85901285],[9.19870315,54.85901464],[9.19733677,54.85901165],[9.1970897,54.85901115],[9.19633868,54.85901142],[9.19615437,54.85901423],[9.19610978,54.85901924],[9.19606736,54.85902401],[9.1959876,54.85902269],[9.1959276,54.85901874],[9.19588011,54.85903414],[9.19584519,54.85904546],[9.19578444,54.85905366],[9.19575249,54.85905797],[9.19556476,54.85908292],[9.19531494,54.85911613],[9.19520981,54.85913028],[9.19499789,54.85915882],[9.19489146,54.85917408],[9.1947951,54.85918789],[9.19464557,54.85922071],[9.19464549,54.85922073],[9.19463045,54.85922398],[9.19456993,54.85923706],[9.19422793,54.85936597],[9.19239543,54.86006841],[9.19205568,54.86020213],[9.19190228,54.86024943],[9.19182579,54.8602731],[9.19177025,54.86028696],[9.19171254,54.86030135],[9.19104132,54.8604235],[9.19055634,54.86051529],[9.18966123,54.86067912],[9.18960072,54.8606902],[9.18900074,54.8608],[9.1883968,54.86091407],[9.18831831,54.8609289],[9.18812304,54.86097655],[9.18796252,54.86103126],[9.1878357,54.86109742],[9.18771866,54.86116678],[9.18761534,54.86125231],[9.18761084,54.86125603],[9.18750599,54.86138784],[9.18728658,54.86167808],[9.18673945,54.86242015],[9.18638329,54.86290459],[9.18634092,54.86295971],[9.18631482,54.86299368],[9.18627801,54.86303404],[9.1862519,54.86306267],[9.18616446,54.86312624],[9.18612265,54.86315664],[9.18606869,54.8631881],[9.18598365,54.86322417],[9.18585375,54.86326724],[9.18564255,54.86331366],[9.18478915,54.86349766],[9.18471395,54.86351387],[9.18471356,54.86351396],[9.1847135,54.86351397],[9.18438743,54.86358427],[9.18222239,54.86405431],[9.1812066,54.86427008],[9.1803668,54.86445648],[9.1790499,54.86474174],[9.17740665,54.86509795],[9.17635128,54.86532443],[9.17598393,54.86540512],[9.17524736,54.86556202],[9.1741781,54.86579415],[9.1735341,54.86593005],[9.17353405,54.86593005],[9.17277524,54.86610058],[9.17202858,54.8662723],[9.17126106,54.86645369],[9.17126101,54.8664537],[9.16953707,54.86685364],[9.16920723,54.86693106],[9.16910084,54.86695603],[9.16788392,54.86723874],[9.167526,54.86732188],[9.16744034,54.86734209],[9.16705888,54.86743209],[9.16625417,54.8676196],[9.16602431,54.86767317],[9.16438139,54.86805436],[9.16321901,54.86832607],[9.16240998,54.86851435],[9.16201295,54.86860372],[9.16171963,54.86864832],[9.16103844,54.86873832],[9.16084316,54.86876564],[9.16083473,54.86876682],[9.16031863,54.86883589],[9.16023282,54.86884923],[9.16018632,54.86885747],[9.16014868,54.86886414],[9.16006281,54.86888681],[9.1600449,54.86889307],[9.15998073,54.86891551],[9.15840913,54.86950904],[9.15827727,54.86955884],[9.15630744,54.87030171],[9.15524857,54.87070128],[9.15516452,54.87073262],[9.15514946,54.87073824],[9.15507653,54.87076293],[9.15507647,54.87076295],[9.15491644,54.87080559],[9.15480905,54.8708342],[9.15459902,54.87088246],[9.15386648,54.87104851],[9.15313394,54.87121457],[9.15301222,54.87123861],[9.15301217,54.87123862],[9.15288974,54.87125469],[9.15281835,54.87126165],[9.15215299,54.87132652],[9.15143803,54.87139224],[9.15137022,54.87140238],[9.15130993,54.87141196],[9.15129646,54.87141469],[9.15125703,54.87142267],[9.15109862,54.87146889],[9.15070844,54.87157536],[9.1505035,54.87163128],[9.14985359,54.87181052],[9.14932015,54.87195764],[9.14928544,54.8719672],[9.14915979,54.87199604],[9.14902997,54.87202457],[9.14870275,54.87208413],[9.14816129,54.87217214],[9.14779805,54.87223119],[9.14779798,54.8722312],[9.14776384,54.87223677],[9.14723738,54.87232269],[9.14688228,54.87238099],[9.14636462,54.87246599],[9.14611621,54.87250677],[9.14520576,54.87265814],[9.14467275,54.87274784],[9.14437697,54.87279572],[9.14413773,54.87283448],[9.14370296,54.87290493],[9.14341562,54.87295464],[9.14318997,54.87299041],[9.14318991,54.87299041],[9.14307907,54.87300528],[9.143079,54.87300529],[9.14297841,54.87301861],[9.14296791,54.87301927],[9.14290366,54.87302332],[9.14275082,54.87303111],[9.14270789,54.87303253],[9.14259173,54.87303637],[9.14237213,54.87303552],[9.14216208,54.8730347],[9.14203867,54.87303554],[9.14196749,54.873035],[9.14192685,54.87303706],[9.1418485,54.87304101],[9.14147324,54.87308557],[9.140363,54.87323651],[9.13932249,54.87337665],[9.13823109,54.87352124],[9.13724387,54.87366157],[9.13683604,54.87370588],[9.13652431,54.87373741],[9.1363091,54.8737364],[9.1360197,54.87372602],[9.13582212,54.87370873],[9.13569035,54.8736972],[9.13569028,54.87369719],[9.13555059,54.87368472],[9.13466214,54.87360539],[9.13370102,54.87352083],[9.13355671,54.87350897],[9.13306133,54.87346826],[9.1324867,54.87341745],[9.1321042,54.87338364],[9.13044189,54.87323447],[9.12806774,54.87302392],[9.12806768,54.87302392],[9.12784988,54.87300454],[9.12666236,54.87289889],[9.12458413,54.87271903],[9.1239049,54.87266158],[9.12390483,54.87266158],[9.12377178,54.87265367],[9.12362101,54.87264471],[9.12362093,54.87264471],[9.12337054,54.87263867],[9.12306832,54.87264369],[9.12286668,54.87265418],[9.12272976,54.87266131],[9.12257124,54.87267],[9.12236446,54.87268133],[9.12204243,54.87270205],[9.12148971,54.87273607],[9.12075221,54.87278145],[9.11877969,54.87289829],[9.11817128,54.87294112],[9.11795654,54.87296077],[9.11780579,54.87297643],[9.11756136,54.87300407],[9.11756129,54.87300408],[9.11733134,54.87303258],[9.11668812,54.87313467],[9.11520043,54.87337317],[9.11441318,54.87349676],[9.11404528,54.87355518],[9.11404531,54.87355572],[9.11402734,54.8735586],[9.11402376,54.8735586],[9.11331595,54.87367105],[9.11315831,54.87369609],[9.11221373,54.8738475],[9.111514,54.8739599],[9.11132513,54.87398847],[9.11120335,54.87400689],[9.11104542,54.87402318],[9.11101286,54.87402438],[9.11074051,54.87403439],[9.1104514,54.87402048],[9.1102526,54.87399613],[9.11008699,54.87396347],[9.10890781,54.87374049],[9.1079218,54.87355443],[9.10727748,54.87343278],[9.10696813,54.87337445],[9.10673658,54.87333079],[9.10592074,54.87317681],[9.10574044,54.87314335],[9.10550971,54.87310052],[9.10550964,54.87310051],[9.10519108,54.87304082],[9.10421449,54.87285783],[9.10346368,54.87271246],[9.10346361,54.87271244],[9.10310993,54.87264597],[9.10299321,54.87262404],[9.10203163,54.8724452],[9.10183464,54.87240776],[9.10156251,54.87235605],[9.10096766,54.87224455],[9.10062238,54.87217984],[9.10036264,54.87212996],[9.09977589,54.87201729],[9.09964929,54.87199432],[9.09962041,54.87198908],[9.09944295,54.87195721],[9.09939329,54.87195219],[9.09930596,54.87194337],[9.09906905,54.87192995],[9.09902974,54.87192978],[9.09884631,54.87192893],[9.09869557,54.87193332],[9.09847839,54.87193964],[9.09743697,54.87196812],[9.09719413,54.8719744],[9.09677784,54.87198517],[9.09660414,54.87198971],[9.09596151,54.87200653],[9.09586068,54.87201044],[9.09575222,54.87201007],[9.09567249,54.8720035],[9.09567242,54.87200349],[9.09563807,54.8719994],[9.09557797,54.87199223],[9.09556008,54.87198819],[9.09551511,54.87197802],[9.09546846,54.87196417],[9.09543467,54.87195414],[9.09471415,54.87166441],[9.09440944,54.87154372],[9.09428315,54.87149365],[9.09416354,54.87144623],[9.09392616,54.87134554],[9.09312001,54.8709246],[9.09251349,54.87061157],[9.09237037,54.87054605],[9.09226017,54.87050293],[9.09214751,54.87045883],[9.09201112,54.87041357],[9.09191069,54.87038685],[9.0918444,54.87036922],[9.09160624,54.87031883],[9.09139099,54.87028066],[9.09135399,54.8702741],[9.09133077,54.87027095],[9.09106187,54.87023447],[9.09096893,54.87022277],[9.09084871,54.87021624],[9.09082127,54.87021475],[9.09079157,54.87021415],[9.09067276,54.87021176],[9.09054773,54.87021337],[9.09037669,54.87021556],[9.09012109,54.8702319],[9.08986383,54.87026021],[9.08913897,54.87033519],[9.0881383,54.87043798],[9.08702235,54.87055653],[9.08612217,54.8706491],[9.08597734,54.87066355],[9.08582323,54.87067891],[9.08573213,54.87068895],[9.08560425,54.87070304],[9.08475522,54.87082797],[9.08377643,54.87095868],[9.0829941,54.87107011],[9.08257162,54.87113097],[9.0821429,54.87119156],[9.08172696,54.87124999],[9.0806159,54.87140674],[9.0796223,54.8715483],[9.07898349,54.87163978],[9.07894048,54.87164646],[9.078925,54.87164886],[9.07888154,54.87165335],[9.07874782,54.87166718],[9.07850117,54.87168511],[9.07820404,54.87170672],[9.07775728,54.87173876],[9.07775724,54.87173876],[9.07693001,54.87180111],[9.07655739,54.87182703],[9.07618899,54.87185093],[9.07618229,54.87185147],[9.07612013,54.87185649],[9.07606848,54.87185864],[9.07605968,54.871859],[9.07605281,54.87185825],[9.0759909,54.87185153],[9.0759125,54.87183973],[9.07528773,54.87174267],[9.07492095,54.87168443],[9.07476046,54.87165895],[9.07451561,54.87162074],[9.07336114,54.87144058],[9.07285384,54.87136034],[9.07245062,54.87129655],[9.07216236,54.87124958],[9.07210795,54.87124071],[9.07192776,54.87121314],[9.07190979,54.87121089],[9.07179434,54.87119647],[9.07173508,54.87119099],[9.07168959,54.87118679],[9.07159503,54.87118063],[9.07157198,54.87118092],[9.07150107,54.87118181],[9.07143815,54.87118097],[9.07136921,54.87118415],[9.07068088,54.87123265],[9.07015253,54.87126953],[9.06909583,54.87134331],[9.0684715,54.87139082],[9.0684098,54.87139499],[9.06830117,54.87139933],[9.06820646,54.87140129],[9.06810509,54.87140048],[9.06804196,54.87139998],[9.0680419,54.87139997],[9.06764987,54.87137796],[9.06762349,54.87137647],[9.06732512,54.87136017],[9.0669028,54.87133602],[9.06589611,54.87127843],[9.06561475,54.87126334],[9.06556678,54.87126077],[9.06549266,54.87125637],[9.06500706,54.8712276],[9.06442303,54.87119581],[9.06405651,54.87117686],[9.06395517,54.87117135],[9.06382969,54.87116452],[9.0637449,54.87116367],[9.06365792,54.87116279],[9.06348138,54.87117098],[9.06337916,54.87117809],[9.06326806,54.87118583],[9.06320095,54.87119493],[9.06312245,54.87120559],[9.06298841,54.87122674],[9.06298834,54.87122675],[9.06282985,54.87125468],[9.06265957,54.87130194],[9.06209391,54.87150371],[9.06166499,54.87165472],[9.06071803,54.87198592],[9.05979527,54.87231268],[9.05879389,54.87266265],[9.05829592,54.87282815],[9.05829585,54.87282817],[9.05809049,54.87288118],[9.05791194,54.87290976],[9.05780748,54.87292315],[9.05769282,54.87293163],[9.05763031,54.87293596],[9.05755504,54.87294117],[9.05747459,54.87294295],[9.05739092,54.87294481],[9.05722448,54.87294021],[9.05714002,54.87293364],[9.05707246,54.87292837],[9.05598239,54.8728081],[9.05511073,54.87270509],[9.0546366,54.87264906],[9.05463653,54.87264905],[9.05381666,54.87255463],[9.05295812,54.87245575],[9.05281789,54.8724396],[9.05239716,54.87239116],[9.05123752,54.8722583],[9.05085095,54.87221402],[9.05017516,54.872139],[9.04957955,54.8720705],[9.04957949,54.87207049],[9.0489284,54.87199363],[9.04871615,54.87197114],[9.04846594,54.87196131],[9.04837206,54.871961],[9.04827187,54.87196538],[9.04818384,54.87197376],[9.04810094,54.87198165],[9.04802787,54.87198995],[9.04794448,54.87200096],[9.04785744,54.87201245],[9.04773758,54.87203283],[9.04769826,54.87203952],[9.04769819,54.87203953],[9.04766792,54.8720477],[9.04756576,54.87207529],[9.04629085,54.87250253],[9.04624627,54.87251747],[9.0446765,54.87304248],[9.04421681,54.87319721],[9.04280497,54.87367113],[9.0424843,54.87378089],[9.04229736,54.87384488],[9.04175046,54.87402752],[9.04099663,54.87427926],[9.04078951,54.87434835],[9.040589,54.87441523],[9.03989757,54.8746472],[9.03938392,54.87481953],[9.0380523,54.8752663],[9.0376652,54.87539612],[9.0365829,54.8757544],[9.03645842,54.87579677],[9.03637288,54.87582507],[9.03536917,54.87615713],[9.03502283,54.8762745],[9.03444651,54.8764698],[9.03382754,54.87667327],[9.03382747,54.87667329],[9.0336983,54.87671675],[9.03280076,54.87701865],[9.03232849,54.87717674],[9.03088489,54.87765997],[9.0295077,54.87811742],[9.0291898,54.8782321],[9.02908401,54.87829137],[9.02902702,54.87833928],[9.02902697,54.87833931],[9.02900594,54.87836288],[9.02900151,54.87836784],[9.02900149,54.87836787],[9.0289732,54.87840766],[9.0289705,54.87841146],[9.02897047,54.87841149],[9.02894447,54.87847218],[9.02894089,54.87850117],[9.02893728,54.87853034],[9.02894737,54.87856657],[9.0289505,54.87857782],[9.02903026,54.8787284],[9.0293184,54.87920068],[9.02939413,54.87931686],[9.02944787,54.87939931],[9.02959944,54.87965101],[9.02964364,54.8797244],[9.02968363,54.87979358],[9.0297976,54.87999075],[9.02983548,54.88008159],[9.02983694,54.88015794],[9.02983694,54.88015797],[9.02982499,54.88021675],[9.02977804,54.880305],[9.0297374,54.88034216],[9.02969022,54.88038529],[9.02963736,54.88040985],[9.02957178,54.88044031],[9.02941245,54.88049062],[9.02891218,54.88068309],[9.02891213,54.88068311],[9.02853009,54.88084408],[9.02766385,54.88120076],[9.0276638,54.88120078],[9.02726566,54.88136144],[9.0272679,54.88136566],[9.02725133,54.88137233],[9.02724751,54.88136877],[9.02690703,54.88150616],[9.02667934,54.88159804],[9.02641261,54.881707],[9.0256744,54.88200511],[9.02519107,54.8822003],[9.02519101,54.88220033],[9.02450217,54.88248081],[9.02408609,54.88264796],[9.02351694,54.88287993],[9.02351689,54.88287996],[9.02332273,54.88295926],[9.0227451,54.88319521],[9.02218746,54.88341735],[9.02154501,54.88367326],[9.02063141,54.88404978],[9.02063134,54.88404982],[9.02042665,54.88413214],[9.02028817,54.88418784],[9.0199718,54.88431241],[9.01970923,54.8844158],[9.01970919,54.88441582],[9.01922076,54.88461643],[9.01825997,54.88501105],[9.01776253,54.88520362],[9.01711822,54.8854687],[9.01711815,54.88546873],[9.01668399,54.88564253],[9.01560702,54.88608187],[9.01552127,54.88611685],[9.01552122,54.88611687],[9.01534137,54.88618689],[9.01517971,54.88624984],[9.01473542,54.88642783],[9.01464809,54.88646591],[9.01462641,54.88647536],[9.01460765,54.88648223],[9.01453693,54.88650813],[9.01446687,54.88652886],[9.01442924,54.88653999],[9.01431055,54.88656542],[9.01389551,54.88663612],[9.01333784,54.88673556],[9.01333777,54.88673558],[9.01274922,54.88685326],[9.01257931,54.88688146],[9.01223965,54.88693785],[9.0113508,54.88709834],[9.01129,54.88711205],[9.01122666,54.88712633],[9.01107918,54.88715241],[9.01094921,54.88716962],[9.01089623,54.88717663],[9.00725192,54.88784362],[9.00617005,54.88803603],[9.00499118,54.88825288],[9.00398506,54.88843794],[9.00072898,54.88903265],[9.00037218,54.88909781],[9.00037213,54.88909782],[8.99934024,54.889286],[8.99934017,54.88928601],[8.99919707,54.88931266],[8.99882736,54.88938151],[8.99861453,54.88941008],[8.99861447,54.88941009],[8.99686317,54.88974111],[8.99684885,54.88974451],[8.99678306,54.88976011],[8.99670782,54.88977215],[8.99664131,54.88978278],[8.99654838,54.88979652],[8.99648161,54.88980639],[8.99563087,54.88996315],[8.99511946,54.89006338],[8.99403691,54.89027554],[8.99403684,54.89027555],[8.99362935,54.8903466],[8.99321627,54.89042769],[8.99202134,54.89066225],[8.99068491,54.89091724],[8.99041615,54.89096756],[8.99003427,54.89103904],[8.98921387,54.89120021],[8.98916226,54.89121035],[8.98849615,54.89133388],[8.98733354,54.8915612],[8.9864081,54.89173963],[8.98611315,54.8917965],[8.9861131,54.89179651],[8.98513763,54.89198554],[8.98513757,54.89198555],[8.98483584,54.89202933],[8.98432355,54.8921392],[8.98431349,54.89214086],[8.9842303,54.8921546],[8.98417225,54.89216579],[8.98412012,54.89217584],[8.98399814,54.89221366],[8.98387359,54.8922687],[8.98353219,54.89247128],[8.98330092,54.89260672],[8.98327037,54.89263762],[8.98327031,54.89263765],[8.98303877,54.89276388],[8.98292374,54.89282303],[8.98287544,54.89284787],[8.98279594,54.89289179],[8.98232485,54.89315203],[8.98187504,54.893404],[8.98103402,54.89387432],[8.98016922,54.8943754],[8.98006611,54.89442529],[8.98000523,54.89445476],[8.97989561,54.89451856],[8.97974456,54.89460509],[8.97971438,54.89462993],[8.97962996,54.89467342],[8.97955767,54.89471065],[8.97904066,54.89499848],[8.97836778,54.89537306],[8.9782377,54.8954545],[8.97810255,54.89552142],[8.97778979,54.89568428],[8.97778368,54.89568751],[8.97771511,54.89572383],[8.97761885,54.89577297],[8.97756907,54.89579219],[8.97748933,54.89581685],[8.97705587,54.89589633],[8.9770558,54.89589634],[8.97670357,54.8959666],[8.97596973,54.89612546],[8.97524421,54.89628667],[8.97505386,54.89631939],[8.97505381,54.8963194],[8.97476838,54.89638368],[8.97454583,54.89642976],[8.97435834,54.89646858],[8.97306065,54.89675533],[8.97300487,54.89676207],[8.97274546,54.89682045],[8.97187767,54.89701574],[8.97104678,54.89720207],[8.97006677,54.89741431],[8.96991651,54.89744685],[8.96861077,54.89773344],[8.96861072,54.89773346],[8.96809384,54.89784607],[8.9676644,54.89793963],[8.96735497,54.89800802],[8.96734428,54.89800995],[8.96661673,54.89814123],[8.96639682,54.89814705],[8.96623982,54.89815121],[8.96599488,54.89818537],[8.96590447,54.89819797],[8.96590441,54.89819798],[8.96557985,54.89827026],[8.9655003,54.8982963],[8.96543436,54.89831789],[8.9653262,54.8983618],[8.96523663,54.89839818],[8.96502802,54.89850317],[8.96453656,54.89880138],[8.96418492,54.89899206],[8.96376668,54.89923112],[8.96359408,54.89933886],[8.96359404,54.8993389],[8.96339637,54.89948654],[8.9631207,54.89979964],[8.96283911,54.8997663],[8.96261489,54.89973981],[8.9625032,54.89978217],[8.96246539,54.89979537],[8.96239657,54.8998194],[8.96233664,54.89983396],[8.9623118,54.89984],[8.96228198,54.89984959],[8.96224442,54.89986167],[8.96220171,54.8998778],[8.96216978,54.89988985],[8.96210649,54.89991685],[8.96209592,54.89992136],[8.96205128,54.89994359],[8.96196287,54.89998761],[8.96196283,54.89998764],[8.96190213,54.90001867],[8.96182471,54.90003693],[8.96179525,54.90004387],[8.96155776,54.90009755],[8.96119082,54.90018047],[8.96073523,54.90028637],[8.96039638,54.90036513],[8.95997372,54.90047121],[8.95985191,54.90050178],[8.95985184,54.9005018],[8.9598105,54.90051376],[8.95973078,54.90053682],[8.95961184,54.90057054],[8.95961178,54.90057056],[8.95947875,54.90059719],[8.95841985,54.90076027],[8.95814032,54.90079824],[8.95813714,54.90079868],[8.95806379,54.90081488],[8.95798977,54.90083124],[8.95798973,54.90083126],[8.95798769,54.9008326],[8.95798609,54.90083206],[8.95797722,54.90083401],[8.95786164,54.90087533],[8.95778224,54.90090878],[8.95771891,54.90094768],[8.95771887,54.90094771],[8.95759715,54.90104095],[8.95749666,54.90110686],[8.95741329,54.9011425],[8.95727491,54.90119359],[8.9570608,54.90125956],[8.95680433,54.90132275],[8.95667743,54.90134631],[8.95656694,54.901357],[8.95656487,54.90135704],[8.95645717,54.90135923],[8.95642393,54.90135388],[8.9563657,54.9013445],[8.95629611,54.90132869],[8.95606428,54.90115139],[8.95590727,54.9010365],[8.95583364,54.90099232],[8.95574342,54.90094665],[8.95565781,54.90093977],[8.95557112,54.90095024],[8.95557107,54.90095026],[8.95553573,54.90096525],[8.95548871,54.9009852],[8.95548866,54.90098523],[8.95543594,54.90103065],[8.95541999,54.90106974],[8.9553202,54.90127744],[8.95524676,54.90133476],[8.95511365,54.90139171],[8.95509866,54.90139718],[8.95479358,54.90150852],[8.9545123,54.90159084],[8.95447843,54.90160076],[8.95430713,54.90163764],[8.95419534,54.90165372],[8.9541051,54.90166326],[8.9541001,54.90166379],[8.95410003,54.9016638],[8.95401747,54.90166939],[8.95393786,54.90167047],[8.95382542,54.90165578],[8.95382536,54.90165577],[8.95365919,54.90162677],[8.95352284,54.90161017],[8.95327205,54.90158646],[8.95327197,54.90158645],[8.95303966,54.90157738],[8.95300925,54.90157858],[8.95294198,54.90158125],[8.95283964,54.90160239],[8.95275458,54.90163132],[8.95255072,54.90170622],[8.95252086,54.9017172],[8.95218106,54.9017971],[8.95187095,54.90181408],[8.95182637,54.90181692],[8.95166872,54.90182697],[8.95155885,54.90183707],[8.95155879,54.90183707],[8.95145635,54.90185187],[8.95127238,54.90189804],[8.95116405,54.90192523],[8.951083,54.90194789],[8.95092068,54.90199328],[8.95075264,54.90202995],[8.95046626,54.90209243],[8.95034627,54.90212635],[8.95026802,54.90214475],[8.95024305,54.90215061],[8.950243,54.90215063],[8.95016143,54.9021623],[8.95013295,54.90216637],[8.94987384,54.90221216],[8.94950869,54.90227961],[8.9489249,54.90239013],[8.94875127,54.90242299],[8.94875122,54.902423],[8.94872383,54.90242771],[8.94830509,54.9024997],[8.94816676,54.90253193],[8.94815449,54.90253346],[8.94806707,54.90254431],[8.94795181,54.90255301],[8.94793339,54.90255439],[8.94780512,54.90255451],[8.94780507,54.90255451],[8.94654904,54.90248511],[8.94593614,54.90246572],[8.9451053,54.90245616],[8.94502131,54.90245752],[8.9449348,54.90245892],[8.94468931,54.90247864],[8.94409162,54.90254451],[8.9439865,54.90255301],[8.94387999,54.90255673],[8.94377192,54.90255484],[8.94344632,54.90252902],[8.94344625,54.90252901],[8.94340324,54.90252523],[8.94328956,54.90251522],[8.94326608,54.90251478],[8.94322243,54.90251397],[8.943139,54.90251602],[8.9430913,54.90251719],[8.94235138,54.90254963],[8.94182988,54.90255019],[8.9414592,54.90254516],[8.94140452,54.90254427],[8.94135158,54.90254339],[8.94120922,54.90253785],[8.94103694,54.90250604],[8.94064269,54.90241113],[8.9405956,54.90240302],[8.94055191,54.90239911],[8.94048816,54.90239843],[8.93970544,54.90245754],[8.93964226,54.90246244],[8.93963926,54.90246267],[8.93956739,54.90246385],[8.93921928,54.90245554],[8.93895532,54.90245184],[8.93877719,54.90244121],[8.93870657,54.90246193],[8.93870651,54.90246194],[8.93863592,54.90247111],[8.93853683,54.90247938],[8.93852961,54.90247907],[8.93844472,54.90247542],[8.93829476,54.90248752],[8.93804322,54.90251001],[8.93795317,54.90252373],[8.93792354,54.90252562],[8.93786609,54.9025293],[8.93763127,54.90254409],[8.93697992,54.90258141],[8.93679582,54.90258584],[8.93676202,54.90258665],[8.93676194,54.90258666],[8.93670816,54.90258745],[8.93643808,54.90259146],[8.93620778,54.90260294],[8.93571903,54.9026678],[8.93571898,54.9026678],[8.93548163,54.90270148],[8.93501926,54.9027484],[8.93450816,54.90278425],[8.93426469,54.90280251],[8.93413026,54.90280471],[8.93377809,54.90277113],[8.93371212,54.90276571],[8.9336539,54.90276093],[8.93349811,54.9027571],[8.93340278,54.90275985],[8.93283803,54.90281776],[8.93179644,54.90290746],[8.93133177,54.90293199],[8.93116916,54.90294058],[8.93056231,54.9029661],[8.92969997,54.90301167],[8.92905818,54.90304593],[8.92814979,54.90311864],[8.92760312,54.90316447],[8.92719448,54.90319452],[8.92680958,54.90321997],[8.92677115,54.90322251],[8.92677107,54.90322252],[8.92661641,54.90323277],[8.92640305,54.90324691],[8.92614731,54.90326588],[8.92614726,54.90326589],[8.92588025,54.90329054],[8.92562236,54.90331319],[8.9254282,54.90333025],[8.92542814,54.90333026],[8.92513621,54.90335195],[8.92480059,54.90337022],[8.9245607,54.90337888],[8.92363195,54.90341136],[8.9233417,54.90342376],[8.92322386,54.90342322],[8.92315253,54.90341647],[8.92312668,54.90341402],[8.92299612,54.90338189],[8.92283336,54.9033192],[8.92282957,54.90331775],[8.92282336,54.90331447],[8.92272217,54.90326112],[8.92254624,54.90315474],[8.92251725,54.9031372],[8.92251721,54.90313717],[8.92239168,54.90305921],[8.92222824,54.90298904],[8.92218126,54.90296887],[8.9221812,54.90296884],[8.92197633,54.90289207],[8.92197627,54.90289205],[8.92172634,54.90279401],[8.92156294,54.90271095],[8.92135451,54.902605],[8.92129828,54.90258068],[8.92128369,54.90257438],[8.92128362,54.90257435],[8.92121246,54.90255169],[8.92115996,54.90253858],[8.92109478,54.90252601],[8.92107138,54.90252536],[8.92102131,54.90252395],[8.92094074,54.90252956],[8.92091246,54.90253357],[8.92085712,54.90254144],[8.92063853,54.90259386],[8.92030541,54.90265822],[8.92030536,54.90265823],[8.92029095,54.90266015],[8.9202117,54.9026707],[8.92014747,54.90267042],[8.92014741,54.90267042],[8.92012006,54.90266936],[8.92006329,54.90266717],[8.91985698,54.90265006],[8.91959728,54.90262032],[8.91947397,54.90261427],[8.9194739,54.90261427],[8.91941065,54.90261445],[8.91937106,54.90261749],[8.91934655,54.90261938],[8.9192214,54.90265697],[8.91889787,54.90279634],[8.91861769,54.9029036],[8.91855397,54.90291748],[8.91846762,54.90292849],[8.91839731,54.90293],[8.91833211,54.90292309],[8.91828069,54.90290665],[8.91823207,54.90288393],[8.91816717,54.9028345],[8.91816713,54.90283446],[8.91816478,54.90283195],[8.91812659,54.90279117],[8.91806869,54.90271314],[8.91802368,54.90267135],[8.91802366,54.90267132],[8.91795516,54.90264148],[8.91792538,54.90263557],[8.91786735,54.90262405],[8.91777568,54.90261239],[8.91767967,54.90261082],[8.91758804,54.90263178],[8.91753854,54.90266051],[8.91718398,54.90301128],[8.91712655,54.90303246],[8.91712651,54.90303248],[8.91704681,54.90305001],[8.91698154,54.90305809],[8.91691003,54.90305702],[8.91685674,54.90304195],[8.91680113,54.90301705],[8.9167314,54.90296895],[8.91673135,54.90296891],[8.91667516,54.90291991],[8.91659015,54.90285241],[8.91646968,54.90277049],[8.91637998,54.90270949],[8.91615547,54.90256673],[8.91609331,54.90253299],[8.91609048,54.90253186],[8.91601667,54.90250245],[8.91589197,54.90246473],[8.91564055,54.90239943],[8.91554911,54.90237347],[8.91547474,54.90235236],[8.91543331,54.90234191],[8.91542622,54.90234012],[8.91535671,54.9023345],[8.91528598,54.90233358],[8.91518319,54.90235002],[8.91505899,54.9023816],[8.91497504,54.90240122],[8.91487857,54.90241325],[8.91480698,54.90241903],[8.91473228,54.90241809],[8.91464706,54.90240973],[8.91456593,54.90239524],[8.91447542,54.90235069],[8.91436483,54.90228519],[8.91427555,54.90224815],[8.91399415,54.90217773],[8.91364118,54.90209138],[8.91347436,54.90204634],[8.91341309,54.90203801],[8.9133393,54.90202798],[8.91333924,54.90202798],[8.91329622,54.90202802],[8.91326529,54.90203359],[8.91325077,54.90203621],[8.91324852,54.90203711],[8.91321159,54.90205187],[8.91318104,54.90207342],[8.91317829,54.90207624],[8.91315425,54.90210089],[8.91313253,54.90213245],[8.91312166,54.90215979],[8.91311452,54.90217775],[8.91310115,54.90222849],[8.91308754,54.90231735],[8.91308616,54.90236722],[8.91310107,54.90241154],[8.91313479,54.90247005],[8.91317955,54.90255511],[8.91324685,54.90271405],[8.91327782,54.90291103],[8.91328014,54.90295199],[8.91328328,54.90300724],[8.91328474,54.90305075],[8.91328526,54.90306625],[8.91327716,54.90312583],[8.91326224,54.90315899],[8.91324665,54.90317413],[8.91323777,54.90318276],[8.91319658,54.90320252],[8.91316329,54.90321154],[8.91313938,54.90321802],[8.91307327,54.90323017],[8.91297305,54.90322709],[8.91295755,54.90322661],[8.91295748,54.90322661],[8.91275269,54.90320221],[8.91257382,54.90317855],[8.91239022,54.90315926],[8.91227975,54.90315743],[8.91222567,54.90315653],[8.91219209,54.9031586],[8.9121059,54.90316391],[8.91200713,54.90317677],[8.91191367,54.90321147],[8.91180249,54.90326437],[8.9117939,54.90326846],[8.91179386,54.90326848],[8.91177174,54.90328034],[8.91149217,54.90343026],[8.91129344,54.90352424],[8.91096361,54.90367739],[8.91072836,54.90378662],[8.91063186,54.90383213],[8.91060024,54.90384773],[8.91058637,54.90385457],[8.91058632,54.90385458],[8.91052038,54.90387118],[8.91044592,54.90387364],[8.91039834,54.90386505],[8.91020269,54.90383328],[8.91014489,54.90382211],[8.91005406,54.90380456],[8.90988661,54.90378683],[8.90988248,54.90378639],[8.90988242,54.90378639],[8.90959699,54.90376954],[8.90935244,54.90376463],[8.90925895,54.90376275],[8.90925888,54.90376275],[8.90900233,54.90376677],[8.9066277,54.90379534],[8.90527334,54.90381499],[8.90438611,54.90382785],[8.90436409,54.90382818],[8.90428547,54.90382935],[8.90419267,54.90383349],[8.90410675,54.90384757],[8.90403917,54.90386287],[8.90397706,54.90388351],[8.90388249,54.90392758],[8.90379203,54.90397925],[8.90325549,54.9042484],[8.90320161,54.90426964],[8.90318811,54.90427496],[8.90317634,54.9042777],[8.90312118,54.90429052],[8.90271077,54.90435556],[8.90242192,54.90440134],[8.9023511,54.90441067],[8.90218147,54.90443301],[8.90208788,54.90444114],[8.90200353,54.90443744],[8.90036841,54.90436557],[8.90025263,54.90435946],[8.90023274,54.90435841],[8.90023267,54.9043584],[8.90022144,54.90435729],[8.90012457,54.90434777],[8.89934956,54.90427633],[8.89878623,54.90421539],[8.89686229,54.90399909],[8.89673317,54.90398667],[8.89659781,54.90397603],[8.89570853,54.90397479],[8.89514129,54.90397233],[8.89502167,54.90397369],[8.89502162,54.90397369],[8.89499844,54.90397472],[8.89492998,54.90397779],[8.8948433,54.90398517],[8.89479137,54.90399835],[8.89478175,54.90400079],[8.89478169,54.9040008],[8.89478103,54.90400103],[8.89471481,54.90402336],[8.89466069,54.90405038],[8.894641,54.90406021],[8.89456017,54.90410678],[8.89419656,54.90431468],[8.89409437,54.9043795],[8.89407639,54.90439091],[8.89395575,54.90445236],[8.89386087,54.90449804],[8.8937581,54.90453999],[8.89363577,54.90457863],[8.89308628,54.90471925],[8.89308621,54.90471927],[8.89267755,54.90482979],[8.89254689,54.90485521],[8.89240407,54.90488299],[8.89233379,54.90488793],[8.89227108,54.90488688],[8.8922414,54.90488638],[8.89206533,54.90486862],[8.89206528,54.9048686],[8.89198829,54.90484841],[8.89194246,54.90483639],[8.89183198,54.90479809],[8.89177821,54.90477462],[8.89153089,54.90466668],[8.89137535,54.90460172],[8.89130181,54.90457101],[8.89111813,54.90449367],[8.89080135,54.90436028],[8.89033805,54.90416549],[8.89022804,54.9041241],[8.89017416,54.90410382],[8.89006511,54.90406688],[8.88995983,54.90403891],[8.88988303,54.904026],[8.88985968,54.90402207],[8.88978355,54.90401132],[8.88976028,54.90400804],[8.88976023,54.90400804],[8.88973824,54.90400715],[8.88964654,54.90400343],[8.88962189,54.90400283],[8.88954083,54.90400087],[8.88946221,54.90399595],[8.88936744,54.90399002],[8.88922122,54.90396221],[8.88915411,54.90393242],[8.88909108,54.90390013],[8.88903409,54.90385681],[8.88901183,54.90383989],[8.88901179,54.90383985],[8.88880393,54.90365875],[8.88875117,54.90361152],[8.88854618,54.90342799],[8.88825682,54.90316965],[8.88825679,54.90316962],[8.88815283,54.90307983],[8.88770148,54.90268999],[8.88766353,54.90265558],[8.88765086,54.90264409],[8.88757909,54.90259542],[8.88752258,54.90256592],[8.88750434,54.90255918],[8.88747491,54.90254828],[8.88742888,54.9025397],[8.88736053,54.90252843],[8.88713828,54.90250242],[8.8871191,54.90250018],[8.88711522,54.90249993],[8.88691785,54.90248726],[8.88618983,54.90242159],[8.88618975,54.90242158],[8.88369423,54.90214958],[8.88349785,54.90213267],[8.88338021,54.90212365],[8.8832608,54.90212067],[8.8826278,54.90212913],[8.88248852,54.90213221],[8.88232738,54.90213578],[8.88200927,54.90214737],[8.88196901,54.90214751],[8.8817678,54.90214824],[8.88168509,54.90214683],[8.88160827,54.90214206],[8.8815481,54.9021346],[8.88154091,54.90213371],[8.88154084,54.90213369],[8.88147976,54.90211654],[8.88147632,54.90211558],[8.88136895,54.90207317],[8.88127542,54.9020413],[8.88126306,54.90203709],[8.88123044,54.90202847],[8.88119109,54.90201808],[8.88113089,54.90200894],[8.88106406,54.90200871],[8.88096043,54.90202342],[8.88091293,54.90203193],[8.8808757,54.90203859],[8.8808422,54.9020437],[8.88080767,54.90204897],[8.88080762,54.90204898],[8.88078644,54.90205019],[8.88075278,54.90205212],[8.88071014,54.90205233],[8.88065437,54.90205262],[8.88057109,54.90204999],[8.88047599,54.90204066],[8.88039412,54.90203831],[8.88031253,54.90203523],[8.88023021,54.90204117],[8.88012182,54.90206192],[8.88012176,54.90206194],[8.88004231,54.90208046],[8.87980558,54.90213197],[8.87948702,54.90217994],[8.87926874,54.90219885],[8.87920526,54.90220193],[8.87906213,54.90220885],[8.8786626,54.90219341],[8.87848551,54.90218657],[8.87848543,54.90218657],[8.87839381,54.90217924],[8.87820585,54.90216423],[8.87793048,54.90213679],[8.87771217,54.90210081],[8.87771211,54.9021008],[8.87767473,54.9020945],[8.87760428,54.90208262],[8.87747196,54.90204457],[8.87742707,54.90200498],[8.87740939,54.90198291],[8.87739822,54.90196898],[8.87738737,54.90193359],[8.87738685,54.90193187],[8.87738546,54.9019289],[8.87736901,54.90189362],[8.87733914,54.9018565],[8.87722413,54.90177592],[8.8770972,54.90168975],[8.87709715,54.90168972],[8.87708083,54.90168043],[8.87698304,54.90162475],[8.87690715,54.90159869],[8.87690536,54.90159808],[8.87652453,54.90150189],[8.87652447,54.90150187],[8.87637402,54.90145681],[8.87637395,54.90145679],[8.87611598,54.90139028],[8.8759403,54.90132873],[8.87575621,54.90125201],[8.8755633,54.90116322],[8.87548684,54.90112802],[8.87548677,54.90112799],[8.8753929,54.90108478],[8.87539287,54.90108475],[8.87531625,54.90103304],[8.87521353,54.90093349],[8.87518452,54.90090537],[8.87518448,54.90090534],[8.87511729,54.900838],[8.87499553,54.90071599],[8.8749654,54.90069106],[8.87492772,54.90066333],[8.87487462,54.90062563],[8.87480007,54.90058386],[8.87476578,54.9005678],[8.87470832,54.90054089],[8.8745404,54.90044003],[8.8744691,54.9003972],[8.87403898,54.90013177],[8.87395867,54.90008217],[8.87395788,54.9000816],[8.87391165,54.90004878],[8.87389819,54.90003344],[8.87388204,54.90001504],[8.8738321,54.89994895],[8.87377169,54.899869],[8.87372037,54.89979121],[8.87366507,54.89970434],[8.87361374,54.89964576],[8.87360969,54.89964114],[8.87360967,54.89964111],[8.87356612,54.89960089],[8.87351024,54.89957183],[8.87333547,54.89950721],[8.87324302,54.89948111],[8.87311036,54.89944366],[8.87294441,54.89939876],[8.87286897,54.89937581],[8.87271715,54.89933235],[8.87264258,54.89932052],[8.8725645,54.89931389],[8.87232458,54.89930151],[8.8722838,54.89930544],[8.87219384,54.89931412],[8.87219378,54.89931412],[8.87207914,54.89934097],[8.87197959,54.89937078],[8.87195388,54.89937942],[8.8717203,54.89945797],[8.87146629,54.89954432],[8.87146622,54.89954435],[8.87140054,54.89956219],[8.87133398,54.89958027],[8.87127926,54.89959257],[8.8712262,54.89960449],[8.8711476,54.89961867],[8.87089797,54.89964625],[8.87067965,54.89967036],[8.87035419,54.89970497],[8.87018416,54.89971926],[8.87013859,54.89972309],[8.87013853,54.89972309],[8.86960443,54.89974484],[8.86944031,54.89976111],[8.86932362,54.89977268],[8.86905244,54.89979411],[8.86874729,54.89981823],[8.86842652,54.89983907],[8.86837374,54.8998425],[8.86837369,54.8998425],[8.86797442,54.89986517],[8.86734464,54.89990757],[8.86708676,54.89992209],[8.86683514,54.89991982],[8.86662973,54.89991797],[8.86606315,54.89990836],[8.86606309,54.89990836],[8.86599902,54.89990443],[8.86586836,54.89989642],[8.86579933,54.89986834],[8.86578626,54.89986303],[8.86578434,54.89986199],[8.86572957,54.89983236],[8.86567754,54.89978277],[8.86561252,54.89969112],[8.8655252,54.89959862],[8.86529917,54.89938415],[8.86518323,54.89928178],[8.8651832,54.89928175],[8.86510967,54.8992085],[8.86505544,54.8991274],[8.86497616,54.89905375],[8.8649761,54.89905371],[8.8649228,54.89901103],[8.86489959,54.89899245],[8.86489954,54.89899241],[8.86489939,54.89899229],[8.8647872,54.89893631],[8.86451341,54.89884363],[8.86449261,54.89883659],[8.86448285,54.89883374],[8.86415426,54.89873762],[8.8636403,54.89859324],[8.8632544,54.89847447],[8.86314707,54.89844039],[8.8630585,54.89839849],[8.86301083,54.89836396],[8.86300587,54.89836036],[8.86300444,54.89835885],[8.86296239,54.8983139],[8.86283693,54.89814538],[8.86275423,54.89803722],[8.8627542,54.89803717],[8.86272521,54.89799552],[8.86261681,54.89783979],[8.86249153,54.89764524],[8.86243186,54.89758748],[8.86240499,54.89757366],[8.86237827,54.89755992],[8.86231661,54.89754063],[8.86231655,54.89754061],[8.86121795,54.8973547],[8.86077433,54.897277],[8.86066455,54.89724215],[8.86057455,54.89720138],[8.86051098,54.89715249],[8.86049724,54.89714192],[8.8604972,54.89714188],[8.86046166,54.89711504],[8.86025278,54.89695727],[8.85998609,54.89677635],[8.85991129,54.89674583],[8.85982877,54.89672719],[8.85971,54.89671492],[8.85970993,54.89671491],[8.85957633,54.89671689],[8.85900856,54.89675221],[8.85861235,54.89677684],[8.85838508,54.89678953],[8.8580472,54.89680839],[8.85667596,54.89688031],[8.85490026,54.89698345],[8.8508049,54.89721134],[8.8505019,54.89723532],[8.85050185,54.89723532],[8.85021364,54.89724995],[8.84962397,54.89727986],[8.84943091,54.897289],[8.84908996,54.89730515],[8.84889344,54.89731134],[8.84874652,54.89731597],[8.84797493,54.89775754],[8.84758776,54.89794153],[8.84650855,54.8984544],[8.84525,54.8990691],[8.84506808,54.8991989],[8.84396567,54.89992667],[8.84219985,54.90111277],[8.84196364,54.90122111],[8.84060747,54.90242489],[8.83954528,54.90337194],[8.83812086,54.90468092],[8.83764681,54.90510003],[8.83764678,54.90510005],[8.83742655,54.90529187],[8.83719104,54.90545558],[8.83699402,54.90554364],[8.83675375,54.90560381],[8.83621544,54.90573968],[8.8348727,54.90605434],[8.83470272,54.90610965],[8.83470266,54.90610968],[8.83426882,54.90628701],[8.83348689,54.90661584],[8.83337555,54.90666993],[8.83333762,54.90668835],[8.83333756,54.90668838],[8.83324872,54.90661166],[8.83316558,54.90654019],[8.83291049,54.9065996],[8.83279789,54.90633291],[8.83268082,54.90605596],[8.83242477,54.90608123],[8.83238543,54.90608619],[8.83225873,54.90610216],[8.83171335,54.90621234],[8.83155203,54.90621468],[8.83143998,54.90619788],[8.83142899,54.90619623],[8.83133907,54.90612986],[8.83133901,54.90612982],[8.8302024,54.90581407],[8.82969951,54.90563741],[8.82928739,54.9058023],[8.82928403,54.90583784],[8.82928047,54.90587541],[8.8292805,54.90587545],[8.82930117,54.90591544],[8.82947253,54.90624675],[8.82957411,54.90635182],[8.82888144,54.90638429],[8.8284224,54.90644699],[8.82794096,54.90651275],[8.8263287,54.90667969],[8.82624723,54.90668216],[8.82623869,54.90668304],[8.82552602,54.90675628],[8.82527917,54.90678164],[8.82527911,54.90678164],[8.82503714,54.90679992],[8.82422377,54.9068733],[8.82418543,54.9068272],[8.82407505,54.9066945],[8.82401183,54.90664263],[8.82395049,54.90659232],[8.82374057,54.90634586],[8.82361253,54.90621268],[8.82361074,54.90621082],[8.82361071,54.90621078],[8.82359381,54.90619651],[8.82344162,54.90606797],[8.8233662,54.90599188],[8.8233155,54.90594073],[8.82314521,54.90574112],[8.82212521,54.90554432],[8.82201374,54.90550979],[8.821982,54.90549995],[8.82146416,54.90529033],[8.82118706,54.9051219],[8.82110707,54.90506603],[8.82110239,54.90506276],[8.82110232,54.90506272],[8.82025046,54.90465019],[8.82008106,54.90456747],[8.81975314,54.90440736],[8.81902291,54.90406713],[8.81887513,54.90402453],[8.81885962,54.90393567],[8.8184817,54.90400523],[8.81800972,54.90405493],[8.81784939,54.90404698],[8.81784934,54.90404698],[8.81771268,54.90403463],[8.81753673,54.90404191],[8.81707232,54.90406113],[8.81669074,54.90405071],[8.8164048,54.90404289],[8.81579639,54.9040446],[8.81513458,54.90401913],[8.81460264,54.90402679],[8.81442869,54.90404378],[8.81442863,54.90404379],[8.81429101,54.90407022],[8.81360414,54.90428201],[8.81360409,54.90428202],[8.81313315,54.90444815],[8.81273148,54.90460105],[8.81267272,54.90461989],[8.81225028,54.90475533],[8.81225022,54.90475535],[8.81218834,54.90475676],[8.81217512,54.90475156],[8.81211399,54.9047275],[8.81201889,54.90465402],[8.81193674,54.90458181],[8.81193669,54.90458187],[8.81177727,54.90479478],[8.81163336,54.90522849],[8.81154687,54.90548917],[8.81139839,54.90593079],[8.80479933,54.90524809],[8.80408861,54.90518709],[8.8031282,54.90509343],[8.80244615,54.9050065],[8.80240076,54.90491491],[8.80189005,54.9048527],[8.8013253,54.90481269],[8.80059356,54.90471339],[8.80002429,54.90464713],[8.79976966,54.90461835],[8.79945604,54.9045829],[8.79920168,54.90466354],[8.79905417,54.9046693],[8.79911422,54.90456801],[8.79911423,54.90456798],[8.79911507,54.90448112],[8.79911258,54.90398607],[8.79911446,54.90384571],[8.7991182,54.90356573],[8.79911582,54.90337483],[8.79911768,54.90335452],[8.79912305,54.90329578],[8.79913785,54.90273924],[8.7991392,54.90255583],[8.79913919,54.9025558],[8.79890665,54.90255967],[8.79823821,54.90247769],[8.79747892,54.90238746],[8.7969618,54.90232616],[8.79670068,54.9022952],[8.79643136,54.90226153],[8.79601456,54.90220942],[8.7960145,54.90220941],[8.79599404,54.90220459],[8.79547504,54.90208247],[8.79430894,54.90177012],[8.7934593,54.90154253],[8.79336301,54.90151416],[8.79323466,54.90147635],[8.79300931,54.90128252],[8.79276019,54.90106826],[8.79240007,54.90086093],[8.7921197,54.90069951],[8.79157037,54.90039621],[8.79157031,54.90039618],[8.79047133,54.89974159],[8.79026599,54.89964985],[8.79026593,54.89964982],[8.78935475,54.89934263],[8.78696093,54.89851665],[8.78349797,54.89805911],[8.78133865,54.8977268],[8.78136705,54.89763123],[8.78139718,54.89750437],[8.78141218,54.89735461],[8.78138781,54.89725788],[8.78136549,54.89723233],[8.78135592,54.89722734],[8.78133102,54.89721434],[8.78089117,54.89700401],[8.78075351,54.89693817],[8.78075346,54.89693815],[8.77972523,54.89647264],[8.7793653,54.89630061],[8.77886288,54.89606048],[8.77857546,54.89592484],[8.77857541,54.89592481],[8.77851976,54.89590028],[8.77834585,54.89582361],[8.77808736,54.89572634],[8.77769028,54.89562941],[8.77726201,54.89552486],[8.77718457,54.89548974],[8.77683444,54.89548639],[8.77648423,54.89548304],[8.77648422,54.89548301],[8.77647054,54.89545942],[8.77646205,54.89544479],[8.77646862,54.89543452],[8.77648978,54.89540145],[8.77648977,54.89540142],[8.77649312,54.89527626],[8.77658127,54.89487775],[8.77664729,54.89459249],[8.7766729,54.89448188],[8.7766729,54.89448185],[8.77669944,54.89437533],[8.77675315,54.8941598],[8.77677296,54.89411889],[8.77677298,54.89411884],[8.77678798,54.8940246],[8.77679886,54.89396811],[8.7768234,54.89384075],[8.7769147,54.89330383],[8.77694136,54.89320049],[8.77703593,54.8926388],[8.76675742,54.8937475],[8.75963988,54.89451471],[8.75963752,54.89451495],[8.75591732,54.89640474],[8.75499072,54.89687538],[8.75031879,54.89670186],[8.75031873,54.89670185],[8.75028747,54.89646874],[8.75028287,54.89643444],[8.75028287,54.8964344],[8.75027616,54.89640436],[8.75023971,54.89624113],[8.74996929,54.89557283],[8.7499187,54.89556577],[8.74974295,54.89569679],[8.74917854,54.89559003],[8.74917849,54.89559002],[8.74824551,54.89538752],[8.74802202,54.89533919],[8.74680755,54.89507654],[8.74554138,54.8948026],[8.74536491,54.89476442],[8.74176789,54.8939997],[8.74025331,54.89367313],[8.73821423,54.89323345],[8.73572682,54.89305803],[8.73542893,54.89306559],[8.73143516,54.89289227],[8.73001146,54.89283092],[8.72789688,54.89273977],[8.72789683,54.89273978],[8.72429466,54.89375568],[8.71984717,54.89517849],[8.71974104,54.89521244],[8.71739667,54.89598507],[8.71728454,54.89603262],[8.7166163,54.89631602],[8.71621777,54.8965146],[8.71626806,54.89660278],[8.7166427,54.89725969],[8.71344477,54.89801391],[8.70988671,54.89885175],[8.70981308,54.89887662],[8.70981303,54.89887664],[8.70963225,54.89901248],[8.70858285,54.90003352],[8.70858282,54.90003356],[8.70809978,54.90054365],[8.70787098,54.90078072],[8.70780211,54.90084183],[8.70766089,54.90092186],[8.70461734,54.90178837],[8.70407263,54.90194344],[8.70089799,54.90285265],[8.70089795,54.90285268],[8.70088444,54.90286238],[8.69972413,54.90369609],[8.69683866,54.90468357],[8.69605345,54.90530946],[8.69158705,54.90695282],[8.69158699,54.90695285],[8.68829641,54.90833178],[8.68798284,54.90846453],[8.68696088,54.9088972],[8.68480002,54.90945381],[8.68479996,54.90945382],[8.68105105,54.91041292],[8.6803684,54.91055162],[8.68026355,54.91057292],[8.6795344,54.91064155],[8.67946651,54.91065002],[8.67731579,54.91091835],[8.67608594,54.91085903],[8.67562865,54.91083698],[8.67520947,54.91086229],[8.67493219,54.91089399],[8.67138812,54.91129185],[8.67137451,54.91125668],[8.67061192,54.91133189],[8.67003548,54.9113264],[8.66944407,54.91132075],[8.66884491,54.91130276],[8.66854066,54.91129362],[8.66003041,54.90867517],[8.64187358,54.91079524],[8.6383228,54.91120951],[8.63832274,54.91120951],[8.63635643,54.91143909],[8.63482538,54.91161765],[8.55472649,54.92124317],[8.55695008,54.99327025],[8.51953752,54.99285228],[8.50237509,55.00012395],[8.50138879,55.00054174],[8.47355655,55.02472624],[8.47973484,55.04758875],[8.47268471,55.05398159],[8.39710384,55.06874663],[8.30067569,55.06322295],[8.04147245,55.09712873],[7.55016449,55.16507866],[6.5859997,55.35290597],[5.74751736,55.50864001],[5.40087761,55.24742212],[5.1475571,55.24741964],[4.74755947,55.40158074],[4.48465166,55.59651475],[4.39115147,55.66522639],[4.24754191,55.77014053],[3.34757206,55.91668137],[3.24755504,56.08407942],[4.02918656,56.31020649],[4.74332382,56.5103027],[5.03080431,56.58912595],[5.42290584,56.71316537],[5.6819999,56.79401872],[6.23835835,56.96468663],[6.93404315,57.17250954],[7.21796986,57.26165708],[7.49574676,57.34784496],[7.9806526,57.49588651],[8.45562148,57.61589157],[8.88561129,57.69424638],[9.38056916,57.98593381],[10.02723509,58.25907367],[10.53964645,58.13099795],[11.04598065,57.81445646],[11.20980881,57.64404248],[11.39651334,57.44763022],[11.68890125,57.08614081],[12.14511579,56.50660318],[12.08507103,56.30153087],[12.36063884,56.21396762],[12.36620567,56.2120188],[12.4303134,56.17440761],[12.44177486,56.16327278],[12.44550713,56.15964507],[12.50608093,56.13090477],[12.53918478,56.11454105],[12.57963209,56.09451666],[12.60832801,56.07743883],[12.64329476,56.05659963],[12.65081756,56.04938435],[12.65600282,56.04055953],[12.6570719,56.03069844],[12.65319205,56.01329737],[12.65297721,55.98707817],[12.65102781,55.96318117],[12.64536338,55.93474114],[12.64726171,55.92539111],[12.6747483,55.89737227],[12.69154535,55.8632368],[12.69761015,55.83928167],[12.7074058,55.82663418],[12.74509983,55.79181777],[12.84568889,55.69855379],[12.89405252,55.64355458],[12.88022862,55.61355163],[12.79481804,55.57240299],[12.72821061,55.54021018],[12.71407537,55.48860081],[12.60935884,55.4310439],[12.63934671,55.33485752],[12.63626409,55.30592332],[12.67459778,55.24759042],[12.79226373,55.16425831],[13.05294116,55.06256755],[13.14321336,55.00736802],[13.14546134,55.00598416],[12.93139759,54.83138195],[12.7473769,54.7613798],[12.62568086,54.73132105],[12.51737303,54.70442713],[12.44065425,54.68529601],[12.41631438,54.66511385],[12.38033965,54.63523781],[12.35614866,54.61511645],[12.10964704,54.40863425],[11.93788393,54.36435491],[11.66819743,54.36236735],[11.66986331,54.36328528],[11.63418212,54.39086676],[11.57941536,54.42744976],[11.51131725,54.46236074],[11.44094837,54.49561383],[11.38211693,54.53004797],[11.31902087,54.56742997],[11.25755828,54.58397953],[11.20602622,54.60671137],[11.15528004,54.61967771],[11.07245151,54.63539375],[11.00320527,54.63872631],[10.90171165,54.6349261],[10.87109529,54.61702745],[10.79803228,54.57873152],[10.73052086,54.54452096],[10.65782575,54.54190298],[10.61136066,54.5491863],[10.53038009,54.57446813],[10.45188482,54.59663989],[10.3718065,54.6184691],[10.35257349,54.63081795],[10.30577525,54.67241599],[10.26632453,54.71133191],[10.21579193,54.75418091],[10.18202755,54.75761346],[10.0517403,54.76575992],[9.89368006,54.84194527],[9.83277842,54.83458095],[9.74055546,54.8233658],[9.60570736,54.85458371],[9.62763723,54.87947399],[9.61664942,54.88189774],[9.6028027,54.8849503],[9.59176108,54.88738293],[9.58375776,54.88605197],[9.5398739,54.86312698],[9.49949605,54.84199646],[9.46377764,54.83166594],[9.46041456,54.83355599],[9.44936189,54.83315031],[9.43651204,54.82698095],[9.42793382,54.82723167],[9.42059228,54.8319361],[9.42051636,54.83198642],[9.42046229,54.83199622],[9.42040187,54.83196417],[9.42037871,54.83198816],[9.42037122,54.8319968],[9.42036847,54.83199977],[9.42036368,54.83200492],[9.42036313,54.8320055],[9.42026204,54.83211158],[9.42005014,54.83225943],[9.41984677,54.83238954],[9.41969881,54.83245853],[9.41950624,54.83248931],[9.41931341,54.83249437],[9.41923144,54.83248621],[9.41905307,54.83242828],[9.41903868,54.83242361],[9.41887999,54.83238902],[9.41879077,54.83237786],[9.41872474,54.8323696],[9.41854751,54.83236374],[9.41840783,54.83236],[9.41831813,54.83234288],[9.41824291,54.83229949],[9.41824091,54.83229833],[9.41823865,54.83229703],[9.41819448,54.83222684],[9.41819347,54.83222523],[9.41817023,54.83217122],[9.41817018,54.8321712],[9.41816388,54.83216881],[9.41810209,54.83214535],[9.41810203,54.83214537],[9.41801426,54.83216518],[9.41791664,54.83224316],[9.41786319,54.83232332],[9.41782021,54.8324013],[9.4177658,54.83250176],[9.41770694,54.83258877],[9.41763799,54.83266413],[9.41761549,54.83268728],[9.41761107,54.83269183],[9.4175593,54.83274513],[9.41746866,54.8328229],[9.41741071,54.83284839],[9.41734402,54.83287772],[9.41732253,54.83288089],[9.4172802,54.83288714],[9.41726279,54.8328897],[9.41725226,54.83289126],[9.41716112,54.83290961],[9.41709355,54.83295495],[9.41708134,54.83298485],[9.41707768,54.83299383],[9.41707823,54.83300385],[9.41707896,54.83301691],[9.41708045,54.83304363],[9.4170253,54.83311587],[9.41695692,54.83317319],[9.41689682,54.83318989],[9.41688499,54.83319318],[9.41688492,54.8331932],[9.41685623,54.83319801],[9.41676734,54.83321291],[9.41666448,54.83323814],[9.4165816,54.83327799],[9.41655142,54.83334998],[9.41654666,54.83335853],[9.41649715,54.83344723],[9.41647317,54.83352217],[9.4164322,54.83359006],[9.41636643,54.83364862],[9.41634903,54.83366764],[9.41629495,54.8337231],[9.41624821,54.83381052],[9.41623991,54.83397213],[9.41618244,54.83421164],[9.41618459,54.83439074],[9.41619963,54.83450599],[9.41616877,54.83474415],[9.41617182,54.83482808],[9.41617183,54.83482811],[9.4161757,54.8349342],[9.41623915,54.83504829],[9.416311,54.83519201],[9.41637514,54.83532064],[9.4164032,54.83540381],[9.41640798,54.83541798],[9.41644002,54.83548894],[9.41644882,54.83555539],[9.41644881,54.83555541],[9.41644788,54.8355652],[9.41644465,54.83559907],[9.41644261,54.83562041],[9.41643982,54.83563318],[9.41641987,54.83572464],[9.41640175,54.8358108],[9.41640174,54.83581084],[9.41639323,54.83585016],[9.41639329,54.83585019],[9.4163953,54.83585093],[9.41641094,54.83585672],[9.41643752,54.83586657],[9.41842616,54.83646535],[9.41845489,54.83647397],[9.41845461,54.83647434],[9.41830531,54.83667336],[9.41830193,54.83667796],[9.4180675,54.83681869],[9.41804041,54.83695412],[9.41795138,54.83707764],[9.41795143,54.83707802],[9.41807248,54.83797462],[9.41808171,54.838043],[9.41715359,54.83875389],[9.41714597,54.83874917],[9.41714592,54.83874915],[9.41669272,54.83846844],[9.41657215,54.83856987],[9.41654299,54.83859441],[9.41648758,54.83865625],[9.41639244,54.83876244],[9.41621833,54.83897108],[9.41616107,54.83902015],[9.41583848,54.83929662],[9.41518658,54.8397267],[9.41516943,54.839738],[9.41496701,54.83979908],[9.41481115,54.83990584],[9.4148111,54.83990586],[9.41460566,54.84004656],[9.41431806,54.84025935],[9.41396123,54.8404465],[9.41384372,54.84050814],[9.4138336,54.84051344],[9.41375324,54.8406647],[9.4136867,54.84072028],[9.41347721,54.84080592],[9.41320111,54.84091021],[9.41278499,54.84107284],[9.41270783,54.84111112],[9.41163342,54.84178572],[9.41127982,54.84195649],[9.41099683,54.84208938],[9.41063967,54.8421259],[9.41033742,54.84217123],[9.40992892,54.84224253],[9.40958216,54.84232251],[9.40924452,54.84242439],[9.40919421,54.84243957],[9.40899265,54.84247363],[9.40875692,54.84251347],[9.40856141,54.84255795],[9.40829994,54.84261743],[9.40745994,54.84240657],[9.40745001,54.84240032],[9.40705763,54.84215344],[9.40702786,54.84216408],[9.40698862,54.84217809],[9.4069606,54.84214897],[9.40646283,54.84163188],[9.40546082,54.84058332],[9.40515818,54.84026662],[9.40503039,54.84013288],[9.40456078,54.83965096],[9.40436365,54.83944762],[9.40434832,54.83942574],[9.40396875,54.83914574],[9.40396872,54.83914572],[9.40365505,54.83885241],[9.40365501,54.83885246],[9.40365479,54.83885273],[9.40365386,54.83885386],[9.40332659,54.83924881],[9.40323718,54.83935671],[9.40323714,54.83935674],[9.40308745,54.83957948],[9.40300516,54.83970193],[9.40300514,54.83970197],[9.40295698,54.83981247],[9.40292059,54.83989599],[9.40277892,54.84022109],[9.40267393,54.84046202],[9.40266656,54.84046097],[9.40247217,54.84043329],[9.40247211,54.84043328],[9.40244677,54.84042968],[9.40240413,54.84042361],[9.40240405,54.8404236],[9.40198044,54.84032684],[9.40008067,54.83988822],[9.39973963,54.83980947],[9.39928982,54.83965574],[9.39805716,54.83923444],[9.39781184,54.83915059],[9.39774239,54.83918163],[9.39751141,54.83928483],[9.39746892,54.83928697],[9.39734006,54.83929359],[9.3971486,54.83928397],[9.39702546,54.83924403],[9.39684713,54.83918619],[9.39601477,54.8389052],[9.39540407,54.83871128],[9.3949789,54.83868552],[9.39455049,54.83867021],[9.39455041,54.83867021],[9.39419497,54.83865751],[9.39387444,54.83864102],[9.39387438,54.83864102],[9.39385646,54.8386401],[9.39315245,54.8385686],[9.39249944,54.83848673],[9.39146446,54.83835882],[9.39129176,54.83835961],[9.39100057,54.83836094],[9.39069582,54.83836233],[9.39057878,54.83835989],[9.39049876,54.83835822],[9.39030194,54.83835412],[9.38971609,54.83834458],[9.38906045,54.83836331],[9.38898007,54.83836916],[9.38855648,54.83839997],[9.38852366,54.83840295],[9.38852361,54.83840296],[9.38829653,54.83842354],[9.38796675,54.8383907],[9.38791095,54.83838514],[9.38748464,54.83840383],[9.38747315,54.83840433],[9.38710903,54.83852628],[9.38663614,54.83862152],[9.3864543,54.83862519],[9.3864512,54.83862525],[9.38597718,54.83863538],[9.38597711,54.83863537],[9.38595663,54.83863581],[9.38594586,54.83863788],[9.38537864,54.83874707],[9.38535236,54.83875213],[9.38515796,54.8387922],[9.38515791,54.83879222],[9.38470465,54.83888566],[9.38401982,54.83897967],[9.38319406,54.8391054],[9.38285617,54.83914186],[9.38285584,54.83914168],[9.38285488,54.83914112],[9.38262838,54.83900958],[9.38259162,54.83898823],[9.38259156,54.83898819],[9.38245805,54.83890404],[9.38242151,54.83888101],[9.38242148,54.83888098],[9.38241976,54.8388797],[9.38226997,54.83876852],[9.38222623,54.83872631],[9.3821929,54.83869414],[9.38211239,54.83860899],[9.38211236,54.83860897],[9.38203906,54.83855298],[9.38179132,54.83834774],[9.38165141,54.83821984],[9.38162521,54.83820293],[9.38160856,54.83819218],[9.38152222,54.83813643],[9.38143965,54.83807882],[9.38136266,54.83801718],[9.38134952,54.83800666],[9.38127813,54.83794557],[9.3812423,54.83789345],[9.38120809,54.83781753],[9.38119949,54.83777325],[9.38119247,54.83773701],[9.38119216,54.83773544],[9.38119047,54.83773237],[9.38119044,54.83773233],[9.38115162,54.83766155],[9.38109831,54.83759064],[9.38109033,54.83758157],[9.38106565,54.83755351],[9.38103168,54.83753691],[9.38100033,54.83752159],[9.38099998,54.83752142],[9.38094966,54.83748051],[9.38094234,54.83746689],[9.38093622,54.8374555],[9.38092564,54.83735241],[9.38094714,54.83726921],[9.38098813,54.83706431],[9.38100693,54.83702484],[9.38106095,54.83694514],[9.38106098,54.83694512],[9.38113589,54.83686879],[9.38119236,54.83676401],[9.38123646,54.83666915],[9.3813011,54.8365304],[9.38130605,54.83650535],[9.38130756,54.83649764],[9.38130758,54.8364976],[9.38131455,54.83646229],[9.381323,54.83641958],[9.38132299,54.83641955],[9.38133472,54.83637883],[9.38134096,54.83635716],[9.38136828,54.8362149],[9.38139209,54.83613413],[9.38141826,54.83601758],[9.38144817,54.83592044],[9.38145029,54.83591356],[9.38145297,54.83590487],[9.381454,54.83589867],[9.38145568,54.83588866],[9.38146746,54.83581849],[9.38148366,54.8357673],[9.38149659,54.83572641],[9.38150977,54.83568476],[9.38154407,54.83559139],[9.38154458,54.83559001],[9.38157081,54.83551942],[9.38157063,54.83546169],[9.38156704,54.83542788],[9.38156652,54.83542301],[9.38156646,54.83542301],[9.38116669,54.83541447],[9.38107034,54.835359],[9.38092791,54.83527698],[9.38088617,54.83524676],[9.38083639,54.83521072],[9.38073276,54.83512763],[9.38066897,54.83504103],[9.3806011,54.83490926],[9.38049224,54.83466888],[9.38046561,54.83460268],[9.38045672,54.83458056],[9.38041287,54.83449782],[9.38036519,54.83442872],[9.38030208,54.83433726],[9.38023039,54.8342434],[9.3801522,54.83415549],[9.38003421,54.83403756],[9.37990242,54.83391048],[9.37990239,54.83391045],[9.37978414,54.83380423],[9.37972063,54.83375377],[9.37969856,54.83373623],[9.3796921,54.8337311],[9.37956231,54.83363226],[9.37927159,54.83339892],[9.37905553,54.8331971],[9.37893525,54.83309416],[9.37889414,54.83305898],[9.37871095,54.83308372],[9.37868361,54.8330874],[9.37787214,54.83326149],[9.37785271,54.83326728],[9.37784666,54.83326909],[9.37777179,54.83329138],[9.37769811,54.83331332],[9.37760604,54.8333559],[9.37743868,54.83343329],[9.37743655,54.83343428],[9.37741967,54.83344252],[9.37741961,54.83344254],[9.37727184,54.83351468],[9.37713365,54.8335364],[9.37697124,54.83353468],[9.37695478,54.83354235],[9.37692177,54.83355775],[9.37689764,54.833569],[9.37688804,54.83357347],[9.37688796,54.83357351],[9.37688765,54.83357366],[9.37677165,54.83363869],[9.37672354,54.83366566],[9.37647835,54.83380429],[9.37647831,54.83380431],[9.37647703,54.83380504],[9.37627059,54.83382499],[9.37617406,54.83382066],[9.37596361,54.83381123],[9.375957,54.83381093],[9.37595206,54.83381071],[9.37583787,54.83379395],[9.3758055,54.8337892],[9.37580253,54.83378876],[9.375851,54.83365983],[9.3759229,54.83334821],[9.37592501,54.83333906],[9.37592667,54.83333186],[9.37586509,54.83332607],[9.37579971,54.83331992],[9.37572664,54.83331305],[9.37557411,54.83328332],[9.37524102,54.83330458],[9.37495847,54.83332262],[9.37475302,54.83331506],[9.37474606,54.83325826],[9.37472457,54.83308295],[9.37472456,54.83308291],[9.37472008,54.83306724],[9.37472007,54.8330672],[9.3746363,54.83277425],[9.37469532,54.83267651],[9.37471446,54.8326448],[9.37482072,54.83251592],[9.37484128,54.83228221],[9.37478415,54.83211482],[9.37477972,54.83210185],[9.37477363,54.83208402],[9.3747737,54.83208402],[9.37477401,54.83208402],[9.3747975,54.83208394],[9.37479365,54.8320601],[9.37477362,54.83193625],[9.37456046,54.8317013],[9.37456081,54.83169384],[9.3745637,54.8316337],[9.37456371,54.83163326],[9.37449839,54.8315897],[9.3744403,54.83150306],[9.37435695,54.83137858],[9.37424296,54.83125645],[9.37424293,54.83125641],[9.3742428,54.83125627],[9.37426733,54.83119868],[9.37436597,54.83110752],[9.37441149,54.8310469],[9.37465898,54.83092643],[9.37468706,54.83091529],[9.37490198,54.83085801],[9.37500574,54.83086676],[9.375284,54.83058938],[9.37543518,54.83041833],[9.37548087,54.83035804],[9.37553323,54.83028896],[9.37557477,54.83023171],[9.37564968,54.83012849],[9.37565139,54.83012612],[9.37565368,54.83012297],[9.37567208,54.83008725],[9.37567472,54.83008212],[9.37568249,54.83006703],[9.37572526,54.82998399],[9.37573706,54.8299667],[9.37578591,54.82989514],[9.3757997,54.82987493],[9.37580826,54.82986239],[9.37584922,54.82975063],[9.37586655,54.82970336],[9.37587596,54.8296855],[9.37592798,54.82958688],[9.37593083,54.82958148],[9.37593208,54.82957911],[9.37593232,54.82957863],[9.3759326,54.82957808],[9.37597353,54.82950605],[9.37597943,54.82949566],[9.37608067,54.82939425],[9.37612541,54.82934944],[9.37613496,54.82933986],[9.37616644,54.82930729],[9.37621099,54.8292612],[9.37625488,54.82921577],[9.37625894,54.82921157],[9.3762591,54.82921148],[9.37634168,54.82916461],[9.37634998,54.82915989],[9.37627216,54.82912724],[9.37618307,54.82909598],[9.37608631,54.82903359],[9.37608295,54.82903142],[9.37608291,54.82903139],[9.37605005,54.82900448],[9.37596179,54.82893219],[9.37578567,54.82881384],[9.3756802,54.82872038],[9.37562979,54.82863389],[9.37562571,54.82862689],[9.37559762,54.82851467],[9.37554123,54.82841505],[9.37547314,54.82832423],[9.37541347,54.82822586],[9.375347,54.82811739],[9.37530039,54.82800933],[9.3752691,54.82789224],[9.37524658,54.82776335],[9.37519887,54.82766104],[9.37516579,54.82755073],[9.37514117,54.8274406],[9.37509666,54.82734974],[9.37505774,54.82726045],[9.3750508,54.82724455],[9.37505079,54.82724452],[9.37505028,54.82724334],[9.37504834,54.82723889],[9.37504762,54.82723212],[9.37504707,54.82722691],[9.3750368,54.82712964],[9.37503613,54.82712643],[9.37502793,54.82708757],[9.37500689,54.8270374],[9.37499065,54.82699866],[9.37499307,54.82691299],[9.37499608,54.82690837],[9.37503627,54.82684683],[9.37508459,54.82677809],[9.37511675,54.82673594],[9.37514918,54.82669616],[9.37514921,54.82669612],[9.37523449,54.826592],[9.37532864,54.82648692],[9.37540329,54.8263825],[9.37547175,54.82631201],[9.37554143,54.82624288],[9.37556779,54.82616633],[9.37556931,54.82605658],[9.37555065,54.82596319],[9.37555038,54.82596184],[9.37555024,54.82596113],[9.37555029,54.82596079],[9.37555033,54.82596045],[9.37556408,54.82585366],[9.37555983,54.82582423],[9.37555802,54.82581183],[9.37538673,54.82580515],[9.37487122,54.82553849],[9.37465093,54.82538307],[9.3744968,54.825227],[9.37449664,54.82522682],[9.37432752,54.82511797],[9.37429846,54.82510548],[9.37419846,54.82499104],[9.37409757,54.82487559],[9.37392038,54.82446247],[9.37392035,54.82446239],[9.37392411,54.82436867],[9.3739316,54.82418125],[9.37393161,54.82418121],[9.37393161,54.82418116],[9.37393181,54.82418058],[9.37393411,54.824174],[9.37396573,54.82408381],[9.37405638,54.82382076],[9.37406841,54.82378527],[9.37418667,54.82343653],[9.37401045,54.82312099],[9.37400436,54.82311007],[9.37367775,54.82291777],[9.37367728,54.8229175],[9.37361628,54.82286826],[9.37330963,54.82244189],[9.37330936,54.82244173],[9.37330932,54.82244171],[9.37323749,54.82239969],[9.37264921,54.8222356],[9.37260185,54.82209529],[9.37269971,54.82192298],[9.37270002,54.82192244],[9.37273433,54.82186185],[9.37299761,54.82158524],[9.3733726,54.82133848],[9.37376635,54.82121909],[9.37393222,54.82126567],[9.3741618,54.82120721],[9.37416187,54.82120719],[9.37416264,54.821207],[9.37386587,54.82112568],[9.37361208,54.82101368],[9.37344768,54.82095748],[9.37335391,54.82089837],[9.37323454,54.82078101],[9.37318164,54.82074801],[9.37313967,54.8207032],[9.37289121,54.82054409],[9.37277739,54.82048836],[9.37263784,54.82042643],[9.37245611,54.82029596],[9.37241094,54.8202082],[9.37234109,54.82015998],[9.37213042,54.82013286],[9.37170428,54.81996081],[9.37147612,54.81985915],[9.37140883,54.81983581],[9.37137772,54.81980292],[9.37108659,54.81965634],[9.37104797,54.81963669],[9.37093973,54.81957537],[9.37089045,54.81954964],[9.37086543,54.81948555],[9.37083205,54.81936128],[9.37083191,54.81936082],[9.37083731,54.81935146],[9.37090348,54.81923686],[9.3707596,54.81921402],[9.37068111,54.81908962],[9.3705717,54.81907207],[9.37050238,54.81909695],[9.37035174,54.81915101],[9.37035157,54.819151],[9.37001877,54.81912525],[9.36991633,54.81912053],[9.36991606,54.81912063],[9.36981133,54.81916048],[9.36980684,54.8191622],[9.36968424,54.81925154],[9.36968414,54.81925156],[9.36957336,54.81927812],[9.36916083,54.81918106],[9.36895181,54.81919625],[9.36895149,54.81919652],[9.36893424,54.81921073],[9.36892847,54.81921548],[9.36887287,54.81926129],[9.36869226,54.81923811],[9.36856531,54.81922183],[9.36784288,54.81912913],[9.3678414,54.81912769],[9.36773678,54.81902574],[9.36768188,54.81897223],[9.36763827,54.81896732],[9.36763659,54.81896713],[9.36763653,54.81896713],[9.36763313,54.81896674],[9.36758621,54.81896145],[9.3675848,54.81896019],[9.36758475,54.81896015],[9.36754918,54.81892833],[9.36734792,54.81895073],[9.36731206,54.81895472],[9.36720353,54.81893647],[9.3671791,54.81878125],[9.36717348,54.81874557],[9.3671473,54.81868513],[9.36714494,54.81867969],[9.36714493,54.81867965],[9.36713625,54.81865962],[9.36707465,54.81851737],[9.36700006,54.81838968],[9.36700004,54.81838963],[9.36667949,54.81840893],[9.36659683,54.81841391],[9.36659675,54.81841391],[9.36651382,54.81841744],[9.36622986,54.81842954],[9.36602592,54.81843822],[9.36591048,54.81844314],[9.36585195,54.81842446],[9.36574135,54.81838916],[9.36579093,54.81834134],[9.36592757,54.81820954],[9.36592757,54.8182095],[9.36592683,54.81812809],[9.36599597,54.81796144],[9.36548214,54.8178725],[9.36548207,54.81787249],[9.36548196,54.81787246],[9.36509386,54.81776202],[9.36508889,54.81776061],[9.36511521,54.81767381],[9.36488359,54.81751413],[9.36390436,54.81728322],[9.36364509,54.81711533],[9.36332058,54.81690518],[9.36277798,54.81655379],[9.36283886,54.81642057],[9.36304431,54.81597092],[9.3633837,54.81539772],[9.36343935,54.81530445],[9.36343528,54.81530367],[9.36275426,54.81517431],[9.36229385,54.81597811],[9.36229262,54.81598027],[9.3622926,54.81598031],[9.3619861,54.81598613],[9.3618554,54.81598795],[9.36177572,54.81598739],[9.36174862,54.8159872],[9.36161064,54.81598622],[9.36138809,54.81606031],[9.3612255,54.81611327],[9.36117801,54.81612873],[9.36117794,54.81612876],[9.36109881,54.81615496],[9.36086106,54.81623369],[9.35772594,54.81556281],[9.35670372,54.815354],[9.35667929,54.81534901],[9.35658307,54.81532936],[9.35658302,54.81532934],[9.35654266,54.81530764],[9.35641374,54.81523829],[9.35641367,54.81523825],[9.35633734,54.8151972],[9.35633729,54.81519717],[9.35633485,54.81519585],[9.35628784,54.81516519],[9.35624683,54.81513843],[9.35624669,54.81513834],[9.35624665,54.81513832],[9.35622074,54.81512142],[9.35614947,54.81507493],[9.35589857,54.81490999],[9.35505648,54.81449749],[9.35494282,54.81443711],[9.35470143,54.81430888],[9.35470061,54.81430789],[9.35469934,54.81430634],[9.35466312,54.81426227],[9.3546631,54.81426224],[9.35465396,54.81425112],[9.3546487,54.81424471],[9.3544727,54.81407229],[9.35402321,54.81359582],[9.35374341,54.81329921],[9.35315588,54.81269603],[9.35278492,54.81230241],[9.35263937,54.81215293],[9.35231863,54.81186098],[9.35165502,54.81125531],[9.35146018,54.81107228],[9.35142838,54.81104792],[9.35100833,54.81068323],[9.3505862,54.81031848],[9.35053822,54.81027647],[9.35028971,54.81005666],[9.35028913,54.81005616],[9.35027761,54.8100462],[9.35007948,54.80987501],[9.34970457,54.80955004],[9.34963335,54.8094883],[9.34953024,54.80939892],[9.34855331,54.80855208],[9.34853913,54.80853978],[9.34845461,54.80846364],[9.34811517,54.80815784],[9.34811513,54.80815781],[9.34805047,54.80809956],[9.34779695,54.80787116],[9.34777494,54.80785168],[9.34776336,54.80784143],[9.34771311,54.80779695],[9.34770575,54.80779043],[9.34770572,54.80779041],[9.34703554,54.80719715],[9.34681827,54.80700888],[9.34658372,54.80680563],[9.34645668,54.80669555],[9.34645664,54.80669551],[9.34644777,54.80668783],[9.34644305,54.80668846],[9.34616026,54.80672656],[9.34610344,54.80673421],[9.34610338,54.80673422],[9.34601452,54.80674619],[9.34449799,54.80694821],[9.34402362,54.80701597],[9.34395527,54.80702573],[9.34395075,54.80702638],[9.34395068,54.80702639],[9.34395047,54.80702642],[9.34394596,54.80702706],[9.34322501,54.80712523],[9.34322449,54.80712531],[9.3432233,54.80712547],[9.3431811,54.80699877],[9.34265428,54.80541704],[9.34212383,54.80380561],[9.34208439,54.80368579],[9.34208262,54.80368229],[9.34208112,54.80367935],[9.34205535,54.80362864],[9.34205461,54.80362718],[9.34205382,54.80362563],[9.34205245,54.80362295],[9.3420504,54.80361891],[9.34251515,54.80342136],[9.3426083,54.80338177],[9.34260837,54.80338173],[9.34261286,54.80337983],[9.34286595,54.80326804],[9.34312959,54.80315262],[9.34421574,54.80267442],[9.34425968,54.80265475],[9.34525884,54.80220759],[9.34529261,54.80219248],[9.34551159,54.80218018],[9.34551563,54.80217996],[9.34558791,54.80215513],[9.34558414,54.80215438],[9.34538216,54.80211435],[9.3453269,54.80210339],[9.34520066,54.80198422],[9.34519705,54.80198082],[9.34371437,54.8002384],[9.34369117,54.80024531],[9.34368924,54.80024589],[9.34359761,54.80027318],[9.34359754,54.8002732],[9.34284329,54.80049785],[9.34284321,54.80049787],[9.34020343,54.80128405],[9.34009059,54.80131765],[9.34005944,54.80132693],[9.33814814,54.80189569],[9.33688915,54.80227031],[9.33681151,54.80229341],[9.33672794,54.80231828],[9.33669659,54.80232761],[9.33667968,54.80233264],[9.33525152,54.80275763],[9.33407346,54.80310818],[9.33369798,54.8032199],[9.3335993,54.80324963],[9.33335266,54.8033239],[9.33251117,54.80357729],[9.33173153,54.80381205],[9.33127016,54.80395097],[9.33054051,54.80417067],[9.33053946,54.80417098],[9.3305345,54.80417235],[9.33040752,54.80420711],[9.32946138,54.80560938],[9.32891874,54.80566512],[9.3289052,54.80566651],[9.32880764,54.80567654],[9.32796178,54.80576536],[9.3273726,54.80582723],[9.32674468,54.80589315],[9.32668855,54.80589905],[9.32655665,54.80591179],[9.32538983,54.80602449],[9.32398236,54.80616243],[9.32299027,54.80625416],[9.32268508,54.80628285],[9.32256671,54.80629398],[9.32256666,54.80629398],[9.32113287,54.80642845],[9.32078824,54.80646184],[9.32026297,54.80651272],[9.32026292,54.80651272],[9.32023633,54.8065153],[9.32019275,54.80651898],[9.32019265,54.80651899],[9.32019257,54.80651899],[9.31966998,54.80656305],[9.31836832,54.80668203],[9.31820589,54.80669687],[9.31674136,54.80683047],[9.31599136,54.80689767],[9.31371686,54.80711134],[9.31352664,54.80712916],[9.31352656,54.80712917],[9.31352641,54.80712918],[9.31350947,54.80713077],[9.31220162,54.80725325],[9.31134442,54.80734058],[9.31132988,54.80734207],[9.31132983,54.80734207],[9.3112294,54.8073523],[9.31069382,54.80740472],[9.30917133,54.80755374],[9.30826603,54.80764079],[9.3076347,54.80770835],[9.30763456,54.80770837],[9.30763405,54.80770841],[9.30763283,54.80770851],[9.30708072,54.80775469],[9.30443388,54.80799776],[9.30370037,54.80806511],[9.30264959,54.80816159],[9.30264952,54.80816159],[9.3025591,54.80816964],[9.30254832,54.80817868],[9.30251921,54.80820308],[9.30194191,54.8082457],[9.3015831,54.80827218],[9.30059326,54.80835579],[9.30048981,54.80836498],[9.29984833,54.80842198],[9.29835153,54.80855558],[9.29818137,54.80857077],[9.29565001,54.80876532],[9.29346248,54.80893341],[9.29345502,54.80893398],[9.29229264,54.8066836],[9.29209067,54.80629255],[9.29209065,54.80629252],[9.29202469,54.8061648],[9.29217538,54.80603498],[9.29217544,54.80603494],[9.29270098,54.80558218],[9.29274851,54.80554344],[9.29373567,54.80473879],[9.29403262,54.80447897],[9.29403827,54.80447403],[9.29406347,54.80445198],[9.29557491,54.80318244],[9.29557719,54.80318051],[9.295566,54.80315473],[9.29555115,54.80312059],[9.29492927,54.80169073],[9.29490814,54.80169715],[9.29040281,54.80306512],[9.29040275,54.80306513],[9.28637362,54.80429967],[9.28520299,54.80720279],[9.28459606,54.80870964],[9.28453683,54.80885668],[9.28446007,54.80904724],[9.28425543,54.80955528],[9.2842262,54.80962784],[9.28421595,54.80965294],[9.28421555,54.80965296],[9.28418611,54.80965455],[9.2835432,54.80968932],[9.28317761,54.8097091],[9.28309004,54.80971039],[9.2830844,54.80971047],[9.28283442,54.80971416],[9.28126264,54.80980639],[9.28126229,54.80980648],[9.28126219,54.8098065],[9.28076639,54.80993111],[9.27971771,54.81018129],[9.27840042,54.81051575],[9.27654142,54.81097967],[9.27537927,54.81128043],[9.27519803,54.81134949],[9.27457796,54.81149698],[9.27336453,54.81178558],[9.27224745,54.81193272],[9.27190597,54.81196619],[9.27047948,54.81213725],[9.26991157,54.81207211],[9.2689016,54.81179684],[9.26857923,54.81170777],[9.26813681,54.81158258],[9.26727645,54.81140995],[9.26657584,54.81125189],[9.26646298,54.81119928],[9.26594874,54.81095954],[9.26582778,54.81090314],[9.26580745,54.81089366],[9.26572471,54.81087487],[9.26570523,54.81087045],[9.26564385,54.81085652],[9.26547107,54.81083402],[9.26527696,54.81080875],[9.26504173,54.81077873],[9.26484674,54.81075384],[9.26461994,54.81072942],[9.26454928,54.81073005],[9.26447487,54.81073071],[9.26382377,54.81071107],[9.26380111,54.81071039],[9.26355948,54.81070203],[9.26355942,54.81070202],[9.26264244,54.8106703],[9.26116079,54.81063567],[9.26056198,54.81062222],[9.26028805,54.81061604],[9.2599935,54.81060941],[9.25999345,54.81060941],[9.25995024,54.81060843],[9.25858013,54.81056988],[9.25846921,54.81056809],[9.2584234,54.81056724],[9.25833912,54.81056569],[9.25820124,54.81056669],[9.25804529,54.81055965],[9.25728777,54.81047418],[9.25709363,54.81045205],[9.25677031,54.81041519],[9.25636445,54.81036893],[9.25626445,54.81035753],[9.25537834,54.81025651],[9.25495546,54.81020755],[9.2544773,54.81015218],[9.25424651,54.81012546],[9.25418435,54.81011826],[9.2541203,54.81011085],[9.25389788,54.81008509],[9.2535782,54.81004752],[9.25325776,54.81000986],[9.25199204,54.8098635],[9.25159982,54.80981821],[9.25015741,54.80965349],[9.25007872,54.80963739],[9.25007739,54.809673],[9.25007725,54.80967667],[9.24978436,54.81021922],[9.24978434,54.81021926],[9.24968297,54.81040702],[9.24958458,54.81059097],[9.24920934,54.81129249],[9.24919434,54.81132113],[9.24911414,54.81147424],[9.24881624,54.81202734],[9.24869896,54.81225516],[9.24844829,54.81271885],[9.24831221,54.81297601],[9.24828519,54.81302937],[9.24818418,54.81322891],[9.24809801,54.81339144],[9.24783406,54.8138643],[9.24760552,54.81430729],[9.24759785,54.81432162],[9.24754227,54.81442534],[9.24743986,54.81461646],[9.24715461,54.81514881],[9.24710871,54.81523447],[9.24708548,54.81527784],[9.24708545,54.81527788],[9.24705125,54.81534076],[9.24689965,54.81561955],[9.24672326,54.81595116],[9.2465238,54.81632612],[9.24646064,54.81644173],[9.24641267,54.81652951],[9.24626816,54.816799],[9.24626813,54.81679905],[9.24622508,54.81687933],[9.24611538,54.8170839],[9.24607504,54.81715326],[9.24607142,54.81715948],[9.2460449,54.81720508],[9.24604974,54.81721021],[9.24605036,54.81721085],[9.24595537,54.81732593],[9.24485451,54.81866402],[9.2445235,54.81906634],[9.2440369,54.81967187],[9.24399331,54.81972183],[9.24395424,54.81974716],[9.2439344,54.81976471],[9.24390269,54.81979274],[9.2431861,54.82066345],[9.24309897,54.82076932],[9.24304583,54.82083259],[9.24294171,54.82095657],[9.24246535,54.82152381],[9.24181154,54.82230233],[9.24139338,54.82285863],[9.24059085,54.82392586],[9.24019704,54.82444805],[9.24019698,54.82444814],[9.24019694,54.82444819],[9.2401969,54.82444824],[9.24019683,54.82444833],[9.24006238,54.82462661],[9.24006236,54.82462665],[9.24004163,54.82465373],[9.23988418,54.82485948],[9.23974776,54.82503775],[9.23935853,54.82554636],[9.23881466,54.82625423],[9.2383633,54.82684303],[9.23826428,54.82699762],[9.23806577,54.82733456],[9.23743126,54.82842253],[9.23742699,54.82842985],[9.23734943,54.82855528],[9.23650434,54.83004854],[9.23603362,54.83089445],[9.23594949,54.83102566],[9.23589681,54.83110784],[9.23583186,54.83126035],[9.23583174,54.83126115],[9.23583164,54.83126186],[9.23578154,54.83161156],[9.23575283,54.83181193],[9.23561484,54.83277512],[9.23553121,54.83335852],[9.23529687,54.83503307],[9.23529221,54.83506628],[9.23529222,54.83506631],[9.23528564,54.8351133],[9.23527514,54.83518845],[9.23527502,54.83518921],[9.2352749,54.83519008],[9.23527486,54.83519033],[9.23530278,54.83519149],[9.23533061,54.83519265],[9.23540878,54.83536802],[9.23540909,54.83536872],[9.23542321,54.83537814],[9.23544151,54.83539035],[9.23544447,54.83539569],[9.23546245,54.83542811],[9.23547446,54.83544113],[9.23632374,54.83636186],[9.23742747,54.83755828],[9.23746349,54.83759633],[9.23749747,54.83760505],[9.23750174,54.83760978],[9.23750802,54.83761675],[9.23795657,54.8381143],[9.23816622,54.83834684],[9.23816624,54.83834687],[9.23881525,54.83906674],[9.23981727,54.83983861],[9.24214299,54.8417149],[9.24220974,54.84176627],[9.24230667,54.84184088],[9.24231549,54.84184767],[9.2423229,54.84185337],[9.24398334,54.84313138],[9.24447016,54.84347685],[9.24452607,54.84352697],[9.24452611,54.84352699],[9.24458028,54.84357554],[9.24489447,54.84385712],[9.24485956,54.84389984],[9.24485953,54.84389988],[9.24453167,54.84430099],[9.24319235,54.8461038],[9.2420277,54.8476716],[9.24195918,54.84776446],[9.24168304,54.84813868],[9.24160874,54.84823937],[9.24160872,54.8482394],[9.24121236,54.84874685],[9.24121229,54.84874695],[9.24103871,54.84896918],[9.24086093,54.84920387],[9.2408609,54.8492039],[9.24086087,54.84920395],[9.24044813,54.84974879],[9.2403175,54.84992122],[9.24027331,54.84997955],[9.24019876,54.84999005],[9.24014214,54.84999803],[9.24013952,54.8499986],[9.23570956,54.85095703],[9.23278414,54.85159117],[9.23176184,54.85181274],[9.23176178,54.85181275]],[[12.54233878,55.71938958],[12.54233499,55.71938737],[12.54233886,55.71938959],[12.54272778,55.71961718],[12.54233878,55.71938958]],[[12.54641891,55.71199315],[12.54640856,55.71187],[12.54641894,55.71199315],[12.54642058,55.71201307],[12.54641891,55.71199315]],[[12.54581372,55.71030393],[12.54577761,55.71024258],[12.54581375,55.71030394],[12.54609163,55.71077606],[12.54581372,55.71030393]],[[12.53575534,55.69746036],[12.53575503,55.69746567],[12.53575533,55.69746032],[12.53575533,55.69746027],[12.53575534,55.69746036]],[[12.53621082,55.69599643],[12.5362082,55.6959956],[12.53621081,55.6959964],[12.53635426,55.69604048],[12.53621082,55.69599643]],[[12.53602008,55.69588],[12.53583283,55.69589025],[12.53602014,55.69587998],[12.53602626,55.69587964],[12.53602008,55.69588]],[[12.53523157,55.69498873],[12.535269895514404,55.69495696930876],[12.53523160058638,55.69498875951322],[12.53523157,55.69498873]],[[12.53539462,55.69485338],[12.535213946201962,55.69474105863143],[12.53539468,55.69485338],[12.535371788385401,55.694872383472955],[12.53539462,55.69485338]],[[12.53691867,55.69067121],[12.53695445,55.69063385],[12.53691867,55.69067123],[12.53691329,55.69067685],[12.53691867,55.69067121]],[[12.53712971,55.69045068],[12.53724224,55.69031498],[12.53712971,55.6904507],[12.53711995,55.69046247],[12.53712971,55.69045068]],[[12.53747007,55.69007769],[12.53755328,55.68999103],[12.53747005,55.69007773],[12.53724224,55.69031498],[12.53747007,55.69007769]],[[12.53778269,55.68978363],[12.53782736,55.68974943],[12.53778273,55.68978365],[12.537769888146782,55.68979350148129],[12.53778269,55.68978363]],[[12.54024602,55.68855775],[12.54028617,55.68853708],[12.54024597,55.68855778],[12.53924556,55.6890728],[12.54024602,55.68855775]],[[12.54510256,55.68573578],[12.54513837,55.68580936],[12.54522518,55.68598778],[12.54510256,55.68573578]],[[12.54462244,55.68117586],[12.54462171,55.6811748],[12.54462251,55.68117586],[12.54479309,55.68140129],[12.54462244,55.68117586]],[[12.54463048,55.68116969],[12.54458406,55.68110881],[12.5446305,55.68116967],[12.54463246,55.68117224],[12.54463048,55.68116969]],[[12.54554905,55.67172537],[12.54551149,55.67171418],[12.54554909,55.67172532],[12.5455993,55.67174033],[12.54554905,55.67172537]],[[12.54332615,55.67173501],[12.54325887,55.67171582],[12.54332616,55.671735],[12.54352557,55.67179191],[12.54332615,55.67173501]],[[12.53977073,55.67071235],[12.53974451,55.67070488],[12.5397708,55.6707123],[12.53988528,55.67074496],[12.53977073,55.67071235]],[[12.53974461,55.67070472],[12.53991013,55.67043026],[12.53974465,55.67070469],[12.53974451,55.67070488],[12.53974461,55.67070472]],[[12.54533862,55.66841635],[12.54515241,55.66807987],[12.54533865,55.66841637],[12.545092132677352,55.668461177051945],[12.54533862,55.66841635]],[[12.54443371,55.66778351],[12.54439937,55.66778909],[12.54443376,55.66778348],[12.5445668,55.66776177],[12.54443371,55.66778351]],[[12.54536536,55.66949557],[12.54541497,55.66948649],[12.54544847,55.6694804],[12.54541491,55.66948652],[12.54536536,55.66949557]],[[10.14727134,57.51780188],[10.14724508,57.51780953],[10.14727136,57.51780187],[10.14727134,57.51780188]],[[10.15863387,57.51630851],[10.15871959,57.51626476],[10.15871960778109,57.516264746664184],[10.15871961,57.51626475],[10.15863387,57.51630851]],[[10.20143673,57.51160247],[10.20143669,57.51160247],[10.20143748,57.51160242],[10.20143673,57.51160247]],[[10.22801416,57.51137706],[10.228014123118637,57.51137704946247],[10.22816485,57.51135107],[10.22801416,57.51137706]],[[10.23770895,57.51205233],[10.23767683,57.51208481],[10.2376768,57.51208485],[10.23760032,57.5121621],[10.23767681,57.51208483],[10.23770895,57.51205233]],[[10.24334444,57.5177762],[10.2433472,57.51775657],[10.24334721,57.51775652],[10.24334722,57.51775646],[10.24334721,57.51775654],[10.24334444,57.5177762]],[[10.24163077,57.52128723],[10.24163079,57.52128722],[10.24163064,57.52128731],[10.24163077,57.52128723]],[[10.23994575,57.5218812],[10.23994577,57.52188119],[10.2399608,57.52190769],[10.23994575,57.5218812]],[[10.25749452,57.53009155],[10.2574945,57.53009153],[10.25895657,57.53129015],[10.25749452,57.53009155]],[[10.2643252,57.53509237],[10.26428755,57.53513946],[10.26432522,57.53509234],[10.2643252,57.53509237]],[[10.26440226,57.53499594],[10.26432525,57.53509231],[10.26432522,57.53509234],[10.26440226,57.53499594]],[[10.2876087,57.5446067],[10.28760854,57.54460664],[10.28760873,57.54460671],[10.2876087,57.5446067]],[[10.2880368,57.54476965],[10.28803663,57.54476959],[10.28803658,57.54476957],[10.28803661,57.54476958],[10.2880368,57.54476965]],[[10.30788632,57.55226914],[10.3078861,57.55226906],[10.30788635,57.55226915],[10.30788632,57.55226914]],[[10.33563842,57.37794688],[10.33542046,57.37791319],[10.33542031,57.37791317],[10.33515401,57.37789003],[10.33542047,57.37791316],[10.33563842,57.37794688]],[[10.58775818,55.14977149],[10.58775791,55.14977076],[10.58775819,55.14977151],[10.58775867,55.14977281],[10.58775819,55.14977152],[10.58775818,55.14977149]],[[9.21892633,57.02020021],[9.21866318,57.02015495],[9.21866584,57.02015539],[9.21892633,57.02020021]],[[9.5685385,56.05598664],[9.56853842,56.05598663],[9.56800559,56.0559101],[9.56853846,56.05598663],[9.56863299,56.05600021],[9.5685385,56.05598664]],[[9.662989486268113,56.04127086106625],[9.66458635,56.04072777],[9.66298949,56.04127086],[9.662989486268113,56.04127086106625]],[[9.92121846,55.93142093],[9.92150895,55.93141876],[9.92121849,55.93142093],[9.92121846,55.93142093]],[[9.95311483,55.9311555],[9.95311476,55.93115548],[9.95147512,55.93064133],[9.9531148,55.93115549],[9.95381064,55.93137365],[9.95311483,55.9311555]],[[9.97969388,55.43598056],[9.97949968,55.43608257],[9.97949916,55.43608285],[9.97944611,55.43611068],[9.97949915,55.43608285],[9.97949966,55.43608258],[9.97969388,55.43598056]],[[9.38960622,55.91982281],[9.38960625,55.91982281],[9.38952272,55.91982532],[9.38960622,55.91982281]],[[9.22004578,55.65563432],[9.22022153,55.65569016],[9.22004581,55.65563433],[9.22004576,55.65563432],[9.22001645,55.65560173],[9.22004578,55.65563432]],[[9.22006501,55.6555472],[9.22005362,55.65555678],[9.22006498,55.65554721],[9.22006502,55.65554719],[9.22054211,55.6552413],[9.22006501,55.6555472]],[[9.2167685,55.42331595],[9.21676845,55.42331601],[9.216737,55.42333961],[9.2167685,55.42331595]],[[9.22207854,55.41968611],[9.22222418,55.4196552],[9.22222448,55.41965516],[9.22222419,55.41965522],[9.22207854,55.41968611]],[[8.55275544,55.59324781],[8.55275543,55.59324779],[8.55274274,55.59320753],[8.55275544,55.59324781]],[[8.56949003,55.60649062],[8.56941057,55.60649806],[8.56941052,55.60649805],[8.56889286,55.60634763],[8.56941055,55.60649805],[8.56949005,55.6064906],[8.56952199,55.60647204],[8.56949007,55.60649059],[8.56949003,55.60649062]],[[8.63641577,55.59735079],[8.63633264,55.59750038],[8.636415779999991,55.59735077000001],[8.63641577,55.59735079]],[[9.11464132,55.43664876],[9.11464139,55.43664877],[9.11489571,55.43668621],[9.11464136,55.43664877],[9.11463972,55.43664853],[9.11464132,55.43664876]],[[9.16649512,55.44981337],[9.1664952,55.44981338],[9.16683676,55.44986166],[9.16649516,55.44981338],[9.16648351,55.44981173],[9.16649512,55.44981337]],[[9.0372231,54.90687148],[9.03722306,54.90687141],[9.03722312,54.90687142],[9.0372231,54.90687148]],[[8.90783119,55.22733876],[8.90783105,55.22733879],[8.90652022,55.22764536],[8.90783103,55.22733876],[8.9078324,55.22733856],[8.90783119,55.22733876]],[[8.98032813,55.20840521],[8.98032817,55.20840518],[8.9804338,55.20849355],[8.98032813,55.20840521]],[[8.980731930000028,55.20887274000003],[8.98073195,55.20887276],[8.98096532,55.20913919],[8.980731930000028,55.20887274000003]],[[8.9814178,55.20962021],[8.981417802417061,55.209620219668246],[8.9814178,55.20962022],[8.98125304,55.20941926],[8.9814178,55.20962021]],[[8.98172459,55.20957811],[8.98156672,55.20959978],[8.98172457,55.20957808],[8.98227031,55.20950869],[8.98227031879343,55.209508733967155],[8.98172459,55.20957811]],[[8.68292036,55.37463983],[8.68282174,55.37459214],[8.68292039,55.37463984],[8.68299418,55.37467552],[8.68292041,55.37463985],[8.68292036,55.37463983]],[[8.69603808,55.37728185],[8.69604689,55.37728156],[8.69603812,55.37728185],[8.69603808,55.37728185]],[[8.70749336,55.3813246],[8.70763802,55.38135293],[8.707638,55.38135293],[8.70749336,55.3813246]],[[8.851883490944864,55.40932663884139],[8.85200903,55.4091727],[8.85188353,55.40932665],[8.851883490944864,55.40932663884139]],[[8.8640051,55.40935223],[8.864229655991876,55.40936343880163],[8.86422965,55.40936344],[8.8640051,55.40935223]],[[8.89626234,55.3647024],[8.89626237,55.3647024],[8.89632967,55.36470354],[8.89626234,55.3647024]],[[8.68012437,55.54459211],[8.68053683,55.54438653],[8.68012438,55.54459212],[8.67872533,55.54528935],[8.68012437,55.54459211]],[[8.71811707,55.5318847],[8.71799657,55.53189743],[8.7179714,55.53190008],[8.71811707,55.5318847]],[[9.19322932,55.51250071],[9.19322929,55.51250075],[9.19204878,55.51398538],[9.19322932,55.51250071]],[[9.2587299,55.51868804],[9.258729864854086,55.51868802242704],[9.25872987,55.51868802],[9.25988547,55.51920934],[9.2587299,55.51868804]],[[8.55807405,55.488222979999996],[8.557980920423153,55.48821674136812],[8.55798093,55.48821674],[8.55807405,55.488222979999996]],[[8.558167178600964,55.48822921856651],[8.55816723,55.48822921],[8.55817655,55.48822984],[8.5581672,55.48822922],[8.558167178600964,55.48822921856651]],[[8.61794408,55.50053966],[8.61832758,55.50036457],[8.61832756,55.50036458],[8.61794408,55.50053966]],[[8.5654278,55.57012613],[8.56535965,55.57023965],[8.56645157,55.56842041],[8.5654278,55.57012613]],[[8.57260406,55.55997876],[8.57254391,55.56019053],[8.57261035,55.55995659],[8.57260406,55.55997876]],[[8.7681435,55.56184038],[8.7680531,55.56176708],[8.76814348,55.56184036],[8.7681435,55.56184038]],[[8.77511445,55.57791803],[8.77507577,55.5778343],[8.77511447,55.57791802],[8.77511445,55.57791803]],[[8.772601961739129,55.58289275695652],[8.77260197,55.58289279],[8.77260196,55.58289293],[8.77260196,55.58289277],[8.772601961739129,55.58289275695652]],[[8.75557686,55.60789083],[8.75595478,55.60858634],[8.755954789275028,55.60858637710011],[8.75595478,55.60858636],[8.75557686,55.60789083]],[[9.92311341,55.35457293],[9.92301873,55.35457921],[9.92311338,55.35457293],[9.92311341,55.35457293]],[[9.70129918,54.90456947],[9.70129917,54.90456946],[9.70128588,54.90453161],[9.70129918,54.90456947]],[[9.63150228,55.00586774],[9.63150228940309,55.005867716492276],[9.63150229,55.00586772],[9.63149923,55.00587444],[9.63150228,55.00586774]],[[9.34901637,55.66826896],[9.3490323,55.66825653],[9.34901639,55.66826895],[9.34901635,55.66826898],[9.34898967,55.66828981],[9.34901637,55.66826896]],[[9.34909068,55.66791957],[9.34909286,55.66791599],[9.3490907,55.66791956],[9.34909067,55.66791959],[9.3490769,55.66794238],[9.34909068,55.66791957]],[[9.34591965,55.62737589],[9.34591945,55.62737544],[9.34591965,55.62737587],[9.34591965,55.62737589]],[[9.36857019,55.61562468],[9.36866896,55.61560595],[9.36866893,55.61560596],[9.36857019,55.61562468]],[[9.37573092,55.61314363],[9.3768551,55.61356373],[9.37685507,55.61356372],[9.37573092,55.61314363]],[[9.377052720579712,55.61363758021664],[9.37725034,55.61371143],[9.37725031,55.61371142],[9.377052720579712,55.61363758021664]],[[9.390513504117648,55.615870668823526],[9.39051389,55.61587065],[9.39051351,55.61587067],[9.390513504117648,55.615870668823526]],[[9.39514607,55.61522746],[9.39548949,55.61508346],[9.39548946,55.61508348],[9.39514607,55.61522746]],[[9.39704232,55.61443662],[9.39721061,55.61440696],[9.39721059,55.61440697],[9.39704232,55.61443662]],[[9.4058085,55.61739657],[9.406188759469368,55.617305717294464],[9.40618875,55.61730572],[9.4058085,55.61739657]],[[9.41034763,55.61929744],[9.41050586,55.61962383],[9.41050585,55.61962381],[9.41034763,55.61929744]],[[9.40900093,55.62147887],[9.40899953,55.62147979],[9.40899956,55.62147977],[9.40900093,55.62147887]],[[9.40899895,55.62148018],[9.4089995,55.62147981],[9.40899953,55.62147979],[9.40899895,55.62148018]],[[9.42966136,55.62102387],[9.43024714,55.62077497],[9.42966139,55.62102386],[9.42966133,55.62102389],[9.42963309,55.6210359],[9.42966136,55.62102387]],[[9.44370634,55.62236807],[9.443704570381547,55.622409141144644],[9.44370457,55.62240914],[9.44370634,55.62236807]],[[9.44365944,55.6237332],[9.44365945,55.62373316],[9.44366027,55.62373054],[9.44365945,55.62373318],[9.44365906,55.62373439],[9.44363606,55.62380781],[9.44365905,55.62373441],[9.44365906,55.62373437],[9.44365944,55.6237332]],[[9.44638437,55.62750289],[9.44638449,55.62750296],[9.44638439,55.62750291],[9.44638437,55.62750289]],[[9.45367122,55.62763303],[9.45367134,55.62763301],[9.45367125,55.62763303],[9.45367122,55.62763303]],[[9.46866394,55.63322825],[9.46855166,55.63323913],[9.468551619795269,55.63323912195905],[9.46855164,55.63323912],[9.46866394,55.63322825]],[[9.47540751,55.63393544],[9.47984685,55.63448213],[9.47540754,55.63393545],[9.47540748,55.63393544],[9.47539131,55.63393345],[9.47540751,55.63393544]],[[9.49406228,55.6295343],[9.49406219,55.62953436],[9.49406215373173,55.62953437450731],[9.49406216,55.62953437],[9.49406228,55.6295343]],[[9.49481884,55.62911098],[9.49479648,55.62912151],[9.49479607055119,55.62912170527559],[9.49479645,55.6291215],[9.49481884,55.62911098]],[[9.49541705,55.62878994],[9.495552312822435,55.628701637742054],[9.49555231,55.62870164],[9.49541705,55.62878994]],[[9.496229232941179,55.62829654882353],[9.49622908,55.62829661],[9.49616472,55.62832249],[9.49622908,55.62829659],[9.496229232941179,55.62829654882353]],[[9.49918753,55.62959297],[9.49876269,55.6288854],[9.4987595,55.62888009],[9.49876272,55.62888539],[9.49918753,55.62959297]],[[9.50543039,55.63909252],[9.50526849,55.63910981],[9.50500156,55.63920597],[9.50526848,55.6391098],[9.50543039,55.63909252]],[[9.51740144,55.641199],[9.51743495,55.64120712],[9.51740146,55.64119901],[9.51740141,55.641199],[9.51700064,55.64110193],[9.51740144,55.641199]],[[9.51943962,55.64287851],[9.51943981,55.64287864],[9.51957564,55.64296213],[9.5194398,55.64287864],[9.51938614,55.64284567],[9.51943962,55.64287851]],[[9.52658665,55.64448769],[9.52658152,55.64448892],[9.52637538,55.64453816],[9.52658153,55.6444889],[9.52658662,55.64448769],[9.52659668,55.64448529],[9.5265968,55.64448527],[9.5265967,55.64448529],[9.52658665,55.64448769]],[[9.54029152,55.64502796],[9.54029167,55.64502794],[9.54069139,55.64496689],[9.54029168,55.64502795],[9.53991705,55.64512242],[9.54029152,55.64502796]],[[9.57338024,55.63835251],[9.57347038,55.63833351],[9.57338027,55.63835254],[9.57338024,55.63835251]],[[9.33848647,55.45059892],[9.33870806,55.45062706],[9.33848631,55.45059892],[9.33848647,55.45059892]],[[9.33930287,55.4511819],[9.33921829,55.45121366],[9.33921824,55.45121368],[9.33908777,55.45119166],[9.33921828,55.45121366],[9.33930287,55.4511819]],[[9.33939253,55.45115688],[9.339392511926333,55.45115687225414],[9.33939252,55.45115687],[9.33948042,55.45118186],[9.33939253,55.45115688]],[[9.34163536,55.45152272],[9.34184381,55.45154773],[9.34184396,55.45154775],[9.34195285,55.45156083],[9.3418438,55.45154774],[9.3416352,55.45152272],[9.34163536,55.45152272]],[[9.34589939,55.45390923],[9.34579046,55.45392832],[9.3458994,55.45390922],[9.34589955,55.45390924],[9.3469405,55.45409344],[9.34695586,55.45408046],[9.34694051,55.45409344],[9.34694048,55.45409346],[9.34589939,55.45390923]],[[9.34972565,55.45374435],[9.34972591,55.45374442],[9.34972549,55.45374434],[9.34972455,55.45374423],[9.3497255,55.45374433],[9.34972565,55.45374435]],[[9.35871459,55.45379436],[9.35986379,55.45413706],[9.35871444,55.45379435],[9.35849338,55.45376061],[9.35871445,55.45379433],[9.35871459,55.45379436]],[[9.40287992,55.39581625],[9.40286836,55.3958176],[9.40285687,55.39581894],[9.40286835,55.3958176],[9.40286843,55.39581759],[9.40287992,55.39581625]],[[9.41833466,55.53907408],[9.41698846,55.53913815],[9.41833463,55.53907408],[9.41833466,55.53907408]],[[9.57062868,55.56767692],[9.57036407,55.56768282],[9.57062865,55.56767692],[9.57062868,55.56767692]],[[9.57581612084507,55.52945423577465],[9.57581615,55.52945478],[9.57581612,55.52945424],[9.57581612084507,55.52945423577465]],[[9.363872472655217,55.55972769352709],[9.36387252,55.55972768],[9.3639999,55.55970188],[9.36387249,55.55972769],[9.363872472655217,55.55972769352709]],[[9.37848895,55.55554508],[9.37888264,55.55540386],[9.378882706476034,55.555403850503424],[9.37888268,55.55540386],[9.37848895,55.55554508]],[[9.38527035,55.55377902],[9.38501775,55.5538331],[9.38527031,55.55377902],[9.38527035,55.55377902]],[[9.40399782,55.54822146],[9.40217783,55.5482819],[9.40399778,55.54822146],[9.40399782,55.54822146]],[[9.44949154,55.5723892],[9.44949152,55.5723891],[9.44949152,55.57238909],[9.44949154,55.5723892]],[[9.45158817,55.57082438],[9.45158807,55.57082439],[9.45158814,55.57082438],[9.45158821,55.57082437],[9.4516171,55.57082103],[9.45158817,55.57082438]],[[9.47212665,55.57135137],[9.47212666,55.57135133],[9.472126669999994,55.57135131000001],[9.47212665,55.57135137]],[[9.61608643,55.63030888],[9.61608762,55.63030491],[9.61608649,55.63030889],[9.61603539,55.63048875],[9.61608643,55.63030888]],[[9.61913566,55.6282562],[9.61916805153015,55.628208972349256],[9.61916805,55.62820898],[9.61913566,55.6282562]],[[9.49365731,55.62790691],[9.49365201,55.62774987],[9.49365734,55.62790691],[9.49365738,55.62790916],[9.49365731,55.62790691]],[[9.49364829,55.6272245],[9.493648283333334,55.6272232466667],[9.49364831,55.6272245],[9.49364917,55.62738515],[9.49364829,55.6272245]],[[9.49362443,55.62621353],[9.49362308,55.62620643],[9.49362445,55.62621353],[9.49362483,55.62621561],[9.49362443,55.62621353]],[[9.49360869,55.62593525],[9.493608714226802,55.62593502711342],[9.4936087,55.62593525],[9.4935961,55.62606888],[9.49360869,55.62593525]],[[9.49361671,55.62382124],[9.49368422,55.62327499],[9.49361673,55.62382124],[9.493615543333368,55.62383067999972],[9.49361671,55.62382124]],[[9.49609067,55.61155236],[9.49582474,55.61157848],[9.49609066,55.61155235],[9.49616151,55.6115454],[9.49609067,55.61155236]],[[9.496338406421609,55.611417913553964],[9.49629806,55.61139876],[9.49633845,55.61141791],[9.496338406421609,55.611417913553964]],[[9.49609326,55.61127885],[9.496000354678463,55.61122246283951],[9.49600037,55.61122247],[9.49609326,55.61127885]],[[9.49546918,55.61097925],[9.495299,55.6109076],[9.49546919,55.61097924],[9.49564434,55.61105608],[9.49546918,55.61097925]],[[9.49368759,55.60948351],[9.49352459,55.60930319],[9.49368761,55.6094835],[9.49392566,55.60978823],[9.49368759,55.60948351]],[[9.49247048,55.60818961],[9.49225262,55.60798947],[9.4924705,55.6081896],[9.49263588,55.60835753],[9.49247048,55.60818961]],[[9.49159705,55.60734666],[9.49159483,55.60734424],[9.49159706,55.60734665],[9.49170353,55.60746203],[9.49159705,55.60734666]],[[9.49150932,55.60721525],[9.49143314,55.60708454],[9.49150935,55.60721525],[9.49151812,55.60722851],[9.49150932,55.60721525]],[[9.49127771,55.60668036],[9.49124539,55.60658423],[9.49127774,55.60668037],[9.49143314,55.60708454],[9.49127771,55.60668036]],[[9.49111514,55.60582355],[9.49110869,55.60577183],[9.49111515,55.60582354],[9.49112142,55.60608399],[9.49111514,55.60582355]],[[9.49100575,55.60504865],[9.49104994,55.60484517],[9.49100577,55.60504867],[9.49085907,55.60561579],[9.49100575,55.60504865]],[[9.49060516,55.60474425],[9.49062727,55.60475825],[9.49060519,55.60474427],[9.49060512,55.60474423],[9.48985645,55.60427018],[9.49060516,55.60474425]],[[9.4896457,55.6041286],[9.48945886,55.604003],[9.48964572,55.60412859],[9.489645921249998,55.6041287475],[9.4896457,55.6041286]],[[9.48345882,55.59911264],[9.48332209,55.59899897],[9.48345883,55.59911263],[9.483459607553673,55.59911329366955],[9.48345882,55.59911264]],[[9.47195239,55.59315364],[9.47183641,55.59314471],[9.47195238,55.59315363],[9.47195259,55.59315365],[9.47195239,55.59315364]],[[9.46456346,55.58565907],[9.46456336,55.58565904],[9.4645635,55.58565904],[9.46593317,55.58613205],[9.46456346,55.58565907]],[[9.45571074,55.58186099],[9.455613503077162,55.58174757346684],[9.45571075,55.58186098],[9.45697456,55.58333502],[9.45571074,55.58186099]],[[9.4530683,55.5763181],[9.453068293749999,55.57631796249999],[9.45306832,55.57631812],[9.45308713,55.57655808],[9.4530683,55.5763181]],[[9.45218884,55.57606139],[9.45167326,55.575991],[9.45218884,55.57606138],[9.45218957,55.5760615],[9.45218884,55.57606139]],[[9.43353161,55.57454197],[9.43353193,55.57454206],[9.43353198,55.57454207],[9.43353206,55.5745421],[9.43353196,55.57454207],[9.43353161,55.57454197]],[[9.71911605,55.83751236],[9.71913866,55.83743082],[9.71911607,55.83751238],[9.71917267,55.83756936],[9.71911609,55.83751241],[9.71911605,55.83751236]],[[9.72079562,55.83471309],[9.72093547,55.83455692],[9.720795642086596,55.83471310766927],[9.72079562,55.83471309]],[[9.66541638,55.91161613],[9.66564589,55.91145745],[9.66565987,55.91144778],[9.66564591,55.91145746],[9.66541638,55.91161613]],[[9.79154649,55.94160732],[9.79124084,55.94173128],[9.79154651,55.94160731],[9.79154649,55.94160732]],[[9.81376042,55.9278525],[9.81376041,55.92785252],[9.81384371,55.92767309],[9.81376042,55.9278525]],[[9.8762861,55.9221041],[9.87628608,55.92210407],[9.87628594,55.92210383],[9.87628609,55.92210408],[9.87634268,55.92220011],[9.8762861,55.9221041]],[[9.44087714,55.83165147],[9.44094447,55.83170326],[9.44087715,55.83165148],[9.44087714,55.83165147]],[[9.55276743,55.83262914],[9.55290462,55.83281114],[9.55290465,55.83281117],[9.55296757,55.83289465],[9.55290463,55.83281116],[9.55276743,55.83262914]],[[9.54468005,55.81976412],[9.54485202,55.81968799],[9.5448521,55.81968796],[9.54489101,55.81967074],[9.54485206,55.81968798],[9.54468005,55.81976412]],[[9.690620100510579,55.87259611493618],[9.69065767,55.87295933],[9.69062006,55.87259612],[9.690620100510579,55.87259611493618]],[[9.6928079,55.89624631],[9.69274306,55.89625082],[9.69274306,55.89625079],[9.6928079,55.89624631]],[[9.69274775,55.89646938],[9.69274306,55.89625084],[9.69274306,55.89625082],[9.69274775,55.89646938]],[[10.13487682,57.5207885],[10.13503308,57.52071336],[10.13487685,57.52078849],[10.1348768,57.52078852],[10.13464502,57.52074231],[10.13487682,57.5207885]],[[10.12866158,57.51086268],[10.12865556,57.5108685],[10.12866155,57.5108627],[10.1286616,57.51086266],[10.12872458,57.51080078],[10.12866158,57.51086268]],[[10.12853989,57.50852039],[10.12853986,57.50852037],[10.12880317,57.50865958],[10.12853989,57.50852039]],[[10.12853983,57.50852035],[10.12863843,57.50843251],[10.12853986,57.50852037],[10.12853983,57.50852035]],[[10.12952444,57.50378234],[10.12952445,57.50378232],[10.12954757,57.50373998],[10.12952444,57.50378234]],[[10.12952659,57.50378593],[10.12952443,57.50378236],[10.12952444,57.50378234],[10.12952659,57.50378593]],[[10.12949634,57.49579053],[10.129496367781591,57.49579053463027],[10.12942894,57.49593127],[10.12949634,57.49579053]],[[10.12839797,57.47411217],[10.12841461,57.47409017],[10.12839797,57.47411219],[10.12839797,57.47411217]],[[10.09423505,55.4422799],[10.09425649,55.44223821],[10.094256499081379,55.44223819229655],[10.09425648,55.44223824],[10.09423505,55.4422799]],[[10.16876448,55.36130877],[10.16844958,55.36145935],[10.16876445,55.36130878],[10.16876451,55.36130875],[10.16900947,55.36119159],[10.16876448,55.36130877]],[[10.20508946,55.41173493],[10.20508958,55.41173491],[10.20577008,55.41160668],[10.20508959,55.41173491],[10.20508946,55.41173493]],[[10.20645065,55.41147843],[10.20667896,55.41151032],[10.206450624462525,55.41147843481241],[10.20645065,55.41147843]],[[10.20916037,55.41141214],[10.20863239,55.41152374],[10.20916036,55.41141213],[10.20973686,55.41133283],[10.20916052,55.41141212],[10.20916037,55.41141214]],[[10.29070954,55.39563227],[10.29070954,55.39563229],[10.29069914,55.39571984],[10.29070954,55.39563227]],[[10.29054943,55.39503125],[10.29054767,55.39502993],[10.290547671719272,55.39502992628945],[10.29054769,55.39502994],[10.29054943,55.39503125]],[[10.29067724,55.39466053333333],[10.29067725,55.39466054],[10.29067724,55.39466058],[10.29067724,55.39466053333333]],[[9.95124494,54.94506412],[9.95140241,54.94502354],[9.95124496,54.94506412],[9.95124491,54.94506413],[9.95102921,54.94511956],[9.95124494,54.94506412]],[[9.95361206,54.9461135],[9.95382375,54.94610771],[9.95361209,54.9461135],[9.95361206,54.9461135]],[[10.02011694,54.94903349],[10.02016169,54.94903787],[10.02016167,54.94903787],[10.02011694,54.94903349]],[[10.02313366,54.94983871],[10.02313379,54.94983872],[10.02313376,54.94983872],[10.02313366,54.94983871]],[[10.45976926,55.162849],[10.45961347,55.16274971],[10.45976925,55.16284898],[10.45989472,55.16292894],[10.45976926,55.162849]],[[10.46053914,55.16748573],[10.46052741,55.16743536],[10.4605274,55.16743532],[10.46052182,55.16741125],[10.46052741,55.16743533],[10.46053914,55.16748573]],[[10.46364498,55.17181571],[10.46362457,55.17182],[10.46362449,55.17182002],[10.46356146,55.17183334],[10.46362451,55.17182001],[10.46364498,55.17181571]],[[10.48812112,55.1847725],[10.488121030134392,55.184772480029864],[10.4881211,55.18477249],[10.48903684,55.18490323],[10.48812112,55.1847725]],[[10.52836886,55.21105648],[10.5280459,55.21092212],[10.52804585,55.21092211],[10.52775631,55.21084603],[10.52804588,55.21092211],[10.52836886,55.21105648]],[[10.05147343,55.34552263],[10.05093401,55.34554722],[10.05000078,55.34564439],[10.05093397,55.34554722],[10.05093405,55.34554721],[10.05147343,55.34552263]],[[10.35480396,55.41354095],[10.35480389,55.41354094],[10.35467705,55.41352257],[10.35480393,55.41354094],[10.3548547,55.41354837],[10.35480396,55.41354095]],[[10.25640231,55.41173687],[10.25631165,55.41155645],[10.25630012,55.41153347],[10.25631168,55.41155647],[10.25640231,55.41173687]],[[10.25264294,55.4134383],[10.25282063,55.41326846],[10.25282066,55.41326843],[10.25290552,55.41322469],[10.25282065,55.41326845],[10.25264294,55.4134383]],[[10.24895926,55.41483941],[10.24887405,55.41485605],[10.24878859,55.4148727],[10.24887405,55.41485603],[10.24895926,55.41483941]],[[10.08731587,55.89623169],[10.08729811,55.89618547],[10.08731587,55.89623168],[10.08731588,55.89623171],[10.08732209,55.89628814],[10.08731587,55.89623169]],[[10.23855803,57.39564305],[10.23850006,57.39557731],[10.23850009873131,57.395577271268685],[10.23855803,57.39564305]],[[10.23898889,57.39518905],[10.238974,57.39516892],[10.23898893,57.39518901],[10.2390019,57.39520665],[10.23898889,57.39518905]],[[10.23902415,57.39513653],[10.23902419,57.3951365],[10.23903184,57.39513155],[10.23902417,57.39513652],[10.238974,57.39516892],[10.23902415,57.39513653]],[[10.23926038,57.39499305],[10.23926043,57.39499299],[10.2392604,57.39499306],[10.23924492,57.39501183],[10.23926038,57.39499305]],[[10.2397604,57.39449369],[10.23978804,57.39443502],[10.23978804,57.39443511],[10.2397604,57.39449369]],[[10.24087644,57.39358498],[10.24084027,57.39358171],[10.2408764,57.39358494],[10.24087648,57.39358495],[10.24119944,57.3936142],[10.24087644,57.39358498]],[[10.24041613,57.39162434],[10.24039145,57.39165416],[10.24041616,57.39162427],[10.24045635,57.39157563],[10.24041618,57.39162428],[10.24041613,57.39162434]],[[10.24199497,57.38941846],[10.24211366,57.38915972],[10.24211366,57.38915981],[10.24199497,57.38941846]],[[10.24238409,57.38866528],[10.2422509,57.38882485],[10.24238409,57.38866519],[10.24238802,57.38865373],[10.24238412,57.3886652],[10.24238409,57.38866528]],[[10.27642975,57.38092497],[10.27643039,57.38092491],[10.27642978,57.38092499],[10.27556686,57.38102062],[10.27642975,57.38092497]],[[12.18891957,55.60702591],[12.18891951,55.60702592],[12.1882614,55.60709617],[12.18891954,55.60702591],[12.19115242,55.60678752],[12.18891957,55.60702591]],[[12.34932879,55.64870091],[12.3493329,55.64870222],[12.3493289,55.64870095],[12.34932879,55.64870091]],[[12.34934032,55.64870456],[12.34934035,55.64870457],[12.3493329,55.64870222],[12.34934032,55.64870456]],[[12.35389078,55.65154986],[12.3539007,55.65152117],[12.3538412,55.65169345],[12.35387383,55.65159896],[12.35389078,55.65154986]],[[12.35320712,55.65352879],[12.35314801,55.65369987],[12.35319898,55.6535523],[12.35320712,55.65352879]],[[12.35289872,55.65487702],[12.35333574,55.65492769],[12.35325718,55.65491859],[12.35289872,55.65487702]],[[12.35377971,55.6549792],[12.353896234471579,55.65499269563269],[12.35389388,55.65499243],[12.35377971,55.6549792]],[[12.3543527,55.65504074],[12.35399933,55.65500387],[12.35398072,55.65500192],[12.35397452,55.65500126],[12.35397455,55.65500126],[12.35399933,55.65500385],[12.3543527,55.65504074]],[[12.35465199,55.65503922],[12.35467245,55.65497996],[12.35465655,55.65502606],[12.35465199,55.65503922]],[[12.35891618,55.65493263],[12.35897683,55.65493928],[12.35895343,55.65493672],[12.35891618,55.65493263]],[[12.37880456,55.66050985],[12.378804560666667,55.660509846000004],[12.37880457,55.66050986],[12.378804430877283,55.660514596958826],[12.37880456,55.66050985]],[[12.38071476,55.66077723],[12.38002598,55.66070045],[12.38071477,55.66077722],[12.38116022,55.66082693],[12.38071476,55.66077723]],[[12.38158425,55.66087424],[12.381584245135658,55.660874239457364],[12.38158425,55.66087422],[12.38158487,55.66087256],[12.38158425,55.66087424]],[[12.38161601,55.66078869],[12.38161558,55.66078988],[12.38161598,55.66078869],[12.3816214,55.66077415],[12.38161601,55.66078869]],[[12.38168099,55.66061366],[12.38182812,55.66021749],[12.38177535,55.66035964],[12.38168099,55.66061366]],[[12.38184164,55.66018109],[12.38184854,55.66016251],[12.38184478,55.66017268],[12.38184164,55.66018109]],[[12.38611597,55.66066861],[12.38543364,55.66058777],[12.38482425,55.66051557],[12.38543365,55.66058776],[12.38623182,55.66068233],[12.38611597,55.66066861]],[[12.38664898,55.66073168],[12.38635058,55.66069639],[12.38632335,55.66069316],[12.38632321,55.66069314],[12.38632331,55.66069315],[12.38632339,55.66069316],[12.38664898,55.66073168]],[[12.38763131084503,55.660847947736194],[12.38764433,55.66081307],[12.38763133,55.66084795],[12.38763131084503,55.660847947736194]],[[12.38851879,55.66083665],[12.38851703,55.66083643],[12.38851879,55.66083664],[12.38852563,55.66083745],[12.38851879,55.66083665]],[[12.38852573,55.66083746],[12.38852575,55.66083746],[12.3886578,55.66085312],[12.38852573,55.66083746]],[[12.39322044,55.66085603],[12.39301154,55.66085346],[12.39347997,55.6608592],[12.39347949,55.6608592],[12.39322044,55.66085603]],[[12.40082246,55.65930109],[12.40082349,55.65930064],[12.40082329,55.65930074],[12.40082246,55.65930109]],[[12.40277953,55.65878756],[12.40289899,55.65878299],[12.40289903,55.65878299],[12.40277953,55.65878756]],[[12.402899322499998,55.658782978750004],[12.40289976,55.65878296],[12.40289981,55.65878296],[12.402899322499998,55.658782978750004]],[[12.40289985,55.65878296],[12.40296144,55.6587908],[12.40289981,55.65878296],[12.40289985,55.65878296]],[[12.40339598,55.65882962],[12.40330923,55.65883426],[12.40339598,55.65882961],[12.40349793,55.65882417],[12.40339598,55.65882962]],[[12.40446217,55.65867048],[12.40446206,55.65867049],[12.40431392,55.65868067],[12.40446202,55.65867049],[12.40446209,55.65867048],[12.40446217,55.65867048]],[[12.40553127,55.6584099],[12.40552941,55.65841097],[12.40548747,55.65843491],[12.40535396,55.65851108],[12.40548745,55.6584349],[12.40553125,55.65840991],[12.40553127,55.6584099]],[[12.41534262,55.6655717],[12.41533533,55.66556248],[12.415325974392166,55.66555062681125],[12.41533532,55.66556246],[12.41533535,55.66556249],[12.41534262,55.6655717]],[[12.41552413,55.66578163],[12.4155301,55.66578805],[12.41552696,55.66578469],[12.41552413,55.66578163]],[[12.41870548,55.66833055],[12.41875494,55.66816976],[12.4187055,55.66833055],[12.41863403,55.66856335],[12.41870548,55.66833055]],[[12.42022693,55.66891471],[12.42009502,55.66890177],[12.42044831,55.6689364],[12.42033764,55.66892556],[12.42022693,55.66891471]],[[12.42203656,55.66916463],[12.42203383,55.66916413],[12.42192498,55.66914391],[12.42203379,55.66916412],[12.42203386,55.66916413],[12.42203656,55.66916463]],[[12.43378057,55.6708669],[12.43346386,55.67081095],[12.4334517,55.6708088],[12.43346384,55.67081094],[12.43346389,55.67081095],[12.43378057,55.6708669]],[[10.68533177,55.1701756],[10.68468991,55.16979956],[10.684689906979973,55.16979955018798],[10.68468994,55.16979957],[10.68533177,55.1701756]],[[10.68453251,55.16928817],[10.68451448,55.16923709],[10.684514475999999,55.169237079],[10.68451449,55.1692371],[10.68453251,55.16928817]],[[10.68152771,55.14589836],[10.68187778,55.14684144],[10.681527704187758,55.14589835128164],[10.68152771,55.14589836]],[[10.67789642,55.14488886],[10.67859607,55.14494016],[10.67789637,55.14488886],[10.67789642,55.14488886]],[[11.46161671,55.95177128],[11.46161671,55.95177126],[11.4616535,55.95220235],[11.46161671,55.95177128]],[[11.46171254,55.95297321],[11.46171254,55.95297319],[11.46171629,55.95302558],[11.46171254,55.95297321]],[[11.46441382,55.95593622],[11.46441376,55.95593619],[11.4644062,55.95593148],[11.46441379,55.9559362],[11.4644901,55.95598364],[11.46441382,55.95593622]],[[11.4656086,55.95656583],[11.46560853,55.9565658],[11.46556403,55.95654575],[11.46560857,55.95656581],[11.46560873,55.95656589],[11.4656086,55.95656583]],[[11.46612064,55.95739934],[11.46611271,55.95741892],[11.46612063,55.95739936],[11.46612064,55.95739934]],[[11.46572196,55.95802654],[11.4657288,55.95802549],[11.46572192,55.95802655],[11.46572196,55.95802654]],[[11.46433751,55.95959692],[11.46433756,55.95959691],[11.46434901,55.95959375],[11.46433753,55.95959692],[11.46395928,55.95970114],[11.46433751,55.95959692]],[[11.66166271,55.87817755],[11.66180067,55.87831768],[11.66166268,55.87817756],[11.66166274,55.87817753],[11.66184131,55.87808426],[11.66166271,55.87817755]],[[11.65120195,55.87102002],[11.65086532,55.87102672],[11.65086528,55.87102672],[11.65120195,55.87102002]],[[12.30712639,55.61314692],[12.30711331,55.61315163],[12.30711327,55.61315164],[12.30712639,55.61314692]],[[12.33270076,55.60814428],[12.332700705037876,55.60814429570346],[12.33270072,55.60814429],[12.33272667,55.60813439],[12.33270076,55.60814428]],[[12.54191489,55.68629177],[12.54159565,55.68635206],[12.541567436978308,55.686315262200104],[12.54159569,55.68635202],[12.54191494,55.68629176],[12.54215349,55.68658494],[12.54234081,55.6868088],[12.54215343,55.68658493],[12.54191489,55.68629177]],[[12.54081926,55.68643661],[12.54081923924086,55.68643657527981],[12.541269249285172,55.68632617830749],[12.54081926,55.68643661]],[[12.54056829,55.68598834],[12.54056732181275,55.68598654715558],[12.54056831,55.68598837],[12.540590428841563,55.686029174433074],[12.54056829,55.68598834]],[[12.54052054,55.68590034],[12.540498856390906,55.68586026680345],[12.54052057,55.6859003],[12.540536414979359,55.685929531674674],[12.54052054,55.68590034]],[[12.54043476,55.68574214],[12.540412577604469,55.68570111234587],[12.54043483,55.68574216],[12.540449029736283,55.685768367124666],[12.54043476,55.68574214]],[[12.53845544,55.68475641],[12.538233,55.68453876],[12.53807847,55.68438748],[12.53823308,55.68453879],[12.53845544,55.68475641]],[[12.53828941,55.68359058],[12.53795054,55.68376749],[12.5379505,55.68376751],[12.53828941,55.68359058]],[[12.53831936,55.68357497],[12.53831951,55.68357487],[12.5383575,55.68355498],[12.5383195,55.68357489],[12.53831936,55.68357497]],[[12.53824215,55.68326662],[12.5382263,55.68327086],[12.53733943,55.68350954],[12.53822628,55.68327086],[12.53824215,55.68326662]],[[12.5354644,55.68255565],[12.53542534,55.68251083],[12.5354161,55.68250022],[12.53542534,55.68251082],[12.5354644,55.68255565]],[[12.53498556,55.68125721],[12.53499761,55.68119159],[12.53499838,55.6811877],[12.53499766,55.68119156],[12.53498556,55.68125721]],[[12.53373032,55.67844799],[12.53364879,55.67832571],[12.53364878,55.67832562],[12.53364883,55.67832568],[12.53373032,55.67844799]],[[12.53037588,55.66774502],[12.53035719,55.66760295],[12.5303759,55.66774502],[12.53041381,55.66775984],[12.53037588,55.66774502]],[[12.387265648620687,55.69782687689656],[12.38726565,55.69782687],[12.38726614,55.69782556],[12.387265648620687,55.69782687689656]],[[12.38646146,55.69970754],[12.38646148,55.69970749],[12.38646168,55.69970714],[12.38646147,55.69970752],[12.38646146,55.69970754]],[[12.40619683,55.70815807],[12.405887,55.70805307],[12.4061968,55.70815804],[12.40688783,55.70839225],[12.40619683,55.70815807]],[[12.40748618,55.70859565],[12.40744868,55.7085828],[12.4074862,55.70859565],[12.407486228022602,55.70859565960452],[12.40748618,55.70859565]],[[12.40928077,55.70920346],[12.40919073,55.7091731],[12.40919071,55.70917309],[12.40928077,55.70920346]],[[12.41380689,55.70904351],[12.41333725,55.70913264],[12.4133372,55.70913265],[12.41333611,55.70913286],[12.41333723,55.70913264],[12.41380689,55.70904351]],[[12.41404673,55.70899843],[12.41404657,55.70899846],[12.4140465,55.70899847],[12.41402225,55.70900264],[12.41404654,55.70899846],[12.41404673,55.70899843]],[[12.41988594,55.70832144],[12.41988959,55.70832145],[12.41988956,55.70832145],[12.41927739,55.70832239],[12.41955507,55.70832195],[12.41988594,55.70832144]],[[12.42041091,55.70832064],[12.41988963,55.70832145],[12.41988959,55.70832145],[12.42041091,55.70832064]],[[12.42193842,55.70844115],[12.42194377,55.70844388],[12.42185779,55.70840042],[12.42193842,55.70844115]],[[12.4243986,55.70868622],[12.42446893,55.70868876],[12.42437813,55.70868549],[12.4243986,55.70868622]],[[12.38756796,55.6970181],[12.38754248,55.69709307],[12.38754245,55.69709316],[12.387535,55.69711288],[12.38754243,55.69709315],[12.38754246,55.69709307],[12.38756796,55.6970181]],[[12.38735099,55.69553641],[12.38761822,55.69500083],[12.387351,55.69553642],[12.38711049,55.69601836],[12.38735099,55.69553641]],[[12.38792965,55.69444986],[12.38797056,55.69438517],[12.38792967,55.69444986],[12.38792933,55.69445035],[12.38792965,55.69444986]],[[12.3932473,55.68989486],[12.39325755,55.68988802],[12.39324731,55.68989487],[12.3932281,55.68990762],[12.3932473,55.68989486]],[[12.33540963,55.64937256],[12.33540937,55.64937268],[12.33536461,55.64939216],[12.33540963,55.64937256]],[[12.33220596,55.6498545],[12.33220625,55.64985448],[12.33220631,55.64985447],[12.33220641,55.64985447],[12.33220628,55.64985448],[12.33220596,55.6498545]],[[12.33188887,55.64991627],[12.33178175,55.64994497],[12.33178004,55.64994542],[12.33188887,55.64991627]],[[12.32142115,55.66193965],[12.321421164024828,55.66193963878014],[12.32138796,55.66198843],[12.32142115,55.66193965]],[[12.31940442,55.66359931],[12.31940444,55.66359929],[12.31940459,55.66359919],[12.31940442,55.66359931]],[[12.31941126,55.66393132],[12.319411250000005,55.66393130000001],[12.31941292,55.66393406],[12.31941126,55.66393132]],[[12.31934098,55.66563147],[12.31934089,55.66563143],[12.31934083,55.6656314],[12.31931371,55.6656185],[12.31934086,55.66563141],[12.31934098,55.66563147]],[[12.47843584,55.66926435],[12.47843584,55.66926436],[12.47842709,55.66919449],[12.47843584,55.66926435]],[[12.47419229,55.67291223],[12.474247,55.67293387],[12.47419231,55.67291224],[12.474192287534645,55.67291223101386],[12.47419229,55.67291223]],[[12.46913537,55.68146051],[12.46913532,55.68146054],[12.46913539,55.68146049],[12.46913537,55.68146051]],[[12.4669191,55.68696492],[12.46691908,55.686965],[12.4669191,55.6869649],[12.46691912,55.68696482],[12.46691911,55.68696489],[12.4669191,55.68696492]],[[12.46608109,55.69060417],[12.46608138,55.69060494],[12.46608108,55.69060415],[12.46607871,55.69059695],[12.46608108,55.69060413],[12.46608109,55.69060417]],[[12.46407609,55.69923089],[12.46407533,55.69923547],[12.46407609,55.69923086],[12.46407614,55.6992306],[12.4640761,55.69923084],[12.46407609,55.69923089]],[[12.50287086,55.66922681],[12.50295562,55.66917684],[12.50306958,55.66910964],[12.50295564,55.66917683],[12.50287086,55.66922681]],[[12.50359637,55.66913496],[12.50371904,55.66914123],[12.50372056,55.6691413],[12.50371912,55.66914125],[12.50359637,55.66913496]],[[12.504414969999992,55.66917572],[12.50441504,55.66917572],[12.50449495,55.66917968],[12.50441505,55.66917576],[12.504414969999992,55.66917572]],[[12.50466125,55.66918802],[12.50466135,55.66918802],[12.504661822,55.669188044],[12.50466131,55.66918806],[12.50449495,55.66917968],[12.50466125,55.66918802]],[[12.50492119,55.66920104],[12.50492691,55.66920132],[12.50492116,55.66920104],[12.50481217,55.66919561],[12.504698629898106,55.669189888401206],[12.50481222,55.66919558],[12.50492119,55.66920104]],[[12.50524028,55.66921682],[12.50528128,55.66921895],[12.50529622,55.66921972],[12.50528136,55.66921898],[12.50524028,55.66921682]],[[12.50538891,55.66922435],[12.50548288,55.66922912],[12.50548864,55.66922941],[12.50548288,55.66922913],[12.50538891,55.66922435]],[[12.50550859,55.66923042],[12.50550887,55.66923044],[12.505509004343434,55.66923044767677],[12.50550893,55.66923045],[12.50550862,55.66923046],[12.50548864,55.66922941],[12.50550859,55.66923042]],[[12.50585877,55.66924814],[12.50586088,55.66924825],[12.50586101,55.66924826],[12.50586085,55.66924826],[12.50585877,55.66924814]],[[12.50708971886076,55.6693110643038],[12.50709013,55.66931109],[12.50711709,55.66931268],[12.50709006,55.66931112],[12.50708971886076,55.6693110643038]],[[12.50717146,55.6693158],[12.50724204,55.66931999],[12.507242382000268,55.66932001100002],[12.50724199,55.66931999],[12.50717146,55.6693158]],[[12.50778518,55.66935182],[12.5077864,55.66935189],[12.50778512,55.66935184],[12.50778496,55.66935184],[12.50765989,55.66934445],[12.5077849,55.6693518],[12.50778518,55.66935182]],[[12.50778656,55.66935189],[12.50778999,55.66935206],[12.50779119,55.66935211],[12.50778992,55.66935206],[12.50778656,55.66935189]],[[12.508174796963571,55.66937058910931],[12.50817603,55.66937065],[12.508177071146727,55.66937070005513],[12.50817595,55.66937069],[12.508174796963571,55.66937058910931]],[[12.508181207246382,55.669370899202896],[12.50818413,55.66937104],[12.50823267,55.66937338],[12.5081841,55.66937108],[12.508181207246382,55.669370899202896]],[[12.508242528849111,55.669373850767265],[12.50824312,55.66937388],[12.50834133,55.66937863],[12.50824306,55.66937389],[12.508242528849111,55.669373850767265]],[[12.50879157,55.66940042],[12.50889786,55.6694056],[12.50879161,55.66940046],[12.5087908,55.66940039],[12.50878633,55.66940016],[12.50879076,55.66940038],[12.50879157,55.66940042]],[[12.51010161,55.66946474],[12.50999167,55.66945935],[12.51010162,55.66946474],[12.51010161,55.66946474]],[[12.510115401067944,55.669465410582525],[12.51011558,55.66946542],[12.51021363,55.66947026],[12.51011552,55.66946543],[12.510115401067944,55.669465410582525]],[[12.51040076,55.66947947],[12.51047433,55.66948303],[12.51047538,55.66948308],[12.51047783,55.6694832],[12.51069862,55.66949414],[12.51047777,55.6694832],[12.51047538,55.66948309],[12.51047426,55.66948303],[12.51040076,55.66947947]],[[12.51078696,55.66949834],[12.510787117142858,55.669498347142856],[12.51078698,55.66949835],[12.51069862,55.66949414],[12.51078696,55.66949834]],[[12.51079823427097,55.66949888093884],[12.51080344,55.66949913],[12.510803517419355,55.66949913516129],[12.51080344,55.66949914],[12.51079823427097,55.66949888093884]],[[12.51081603,55.66949974],[12.51090602,55.66950411],[12.51081606,55.66949977],[12.5108159,55.66949977],[12.510806365450685,55.669499273893365],[12.51081582,55.66949973],[12.51081603,55.66949974]],[[12.51095759,55.66950657],[12.51095795,55.66950658],[12.51095763,55.66950659],[12.51090602,55.66950411],[12.51095759,55.66950657]],[[12.5113242,55.6695103],[12.51139173,55.66951097],[12.51139187,55.66951097],[12.51139171,55.66951098],[12.5113242,55.6695103]],[[12.51148433167565,55.66948743300714],[12.511581,55.66946282],[12.511584090483401,55.669462032442716],[12.51158101,55.66946284],[12.51148433167565,55.66948743300714]],[[12.51168187,55.66943658],[12.51168206,55.66943653],[12.51174129,55.66942103],[12.51168207,55.66943657],[12.51168191,55.66943658],[12.51160559,55.66945657],[12.51160551,55.66945657],[12.51168187,55.66943658]],[[12.51231663,55.66927089],[12.512317506009389,55.66927065701878],[12.51231664,55.66927093],[12.51231539,55.66927124],[12.51207536,55.66933377],[12.51231541,55.66927121],[12.51231663,55.66927089]],[[12.5123175931579,55.66927063421053],[12.51231817,55.66927049],[12.51234275,55.66926407],[12.51231819,55.66927053],[12.5123175931579,55.66927063421053]],[[12.51235065,55.66926201],[12.512351943607497,55.669261672803735],[12.51235068,55.66926205],[12.51234275,55.66926407],[12.51235065,55.66926201]],[[12.51419729,55.66878561],[12.51470979,55.66865315],[12.51419732,55.66878563],[12.51414897,55.66879816],[12.5139386063884,55.66885226111062],[12.51414893,55.66879812],[12.51419729,55.66878561]],[[12.51536894,55.66848337],[12.51551001,55.6684474],[12.515522592847105,55.66844418770613],[12.51551001,55.66844741],[12.51536894,55.66848337]],[[12.515564154313696,55.668433576078435],[12.51556437,55.66843352],[12.51556459395918,55.66843346306123],[12.51556444,55.66843353],[12.515564154313696,55.668433576078435]],[[12.515565142366864,55.66843332242603],[12.51556519,55.66843331],[12.51556553,55.66843323],[12.51556522,55.66843332],[12.515565142366864,55.66843332242603]],[[12.515679930000001,55.66840405],[12.51568001,55.66840403],[12.515680241111092,55.66840397222223],[12.51568,55.66840405],[12.515679930000001,55.66840405]],[[12.51569026,55.66840141],[12.515718772667228,55.66839413699471],[12.51569026,55.66840142],[12.51568047,55.66840394],[12.515680327297309,55.668403948918915],[12.51568047,55.66840391],[12.51569026,55.66840141]],[[12.515806156541899,55.66837184735206],[12.51580748,55.66837151],[12.515811481658952,55.66837049208137],[12.51580753,55.66837153],[12.515806156541899,55.66837184735206]],[[12.51715143,55.66801801],[12.51733795,55.66797692],[12.51744004,55.66795443],[12.51733802,55.66797696],[12.51715143,55.66801801]],[[12.517469893421211,55.66794718756649],[12.51749687,55.66794064],[12.517532363333334,55.66793202666667],[12.51749687,55.66794066],[12.517469893421211,55.66794718756649]],[[12.517736354054055,55.667882846486485],[12.51773636,55.6678829],[12.51760476,55.66791446],[12.51773629,55.66788286],[12.51773634,55.66788285],[12.517736354054055,55.667882846486485]],[[12.518085629090878,55.667799018181825],[12.51808591,55.66779895],[12.518086733578922,55.66779875294738],[12.51808597,55.66779895],[12.518085629090878,55.667799018181825]],[[12.51809235,55.66779741],[12.51809250367521,55.66779737290598],[12.51809235,55.66779742],[12.51809189,55.66779753],[12.518090664970044,55.66779781198803],[12.51809187,55.66779752],[12.51809235,55.66779741]],[[12.518145578152511,55.667784644457534],[12.51815246,55.667783],[12.51815365,55.66778271],[12.51815413,55.6677826],[12.518154244285723,55.66778257142857],[12.51815418,55.66778261],[12.51815371,55.66778271],[12.51815247,55.66778302],[12.518145578152511,55.667784644457534]],[[12.518154804243519,55.66778243719558],[12.51815496,55.6677824],[12.51815554914886,55.66778225893619],[12.51815496,55.66778241],[12.518154804243519,55.66778243719558]],[[12.51832443,55.66774176],[12.51832448,55.66774175],[12.51840275863678,55.667722978714465],[12.51832455,55.66774176],[12.51832443,55.66774176]],[[12.51849399,55.66770111],[12.51848932,55.66770223],[12.51848931,55.66770223],[12.51849391,55.66770112],[12.518494008292695,55.66770109780487],[12.51849399,55.66770111]],[[12.51849463004975,55.66770095144279],[12.51849489,55.66770089],[12.51849866,55.66769998],[12.51849492,55.6677009],[12.51849463004975,55.66770095144279]],[[12.518697,55.66765219],[12.51870452,55.66765037],[12.51871256733154,55.66764843183271],[12.51870452,55.66765038],[12.51869704,55.66765221],[12.51849866,55.66769998],[12.518697,55.66765219]],[[12.5187597,55.66763708],[12.51883329,55.66761935],[12.51875964,55.66763711],[12.51875201,55.66763894],[12.51874851950386,55.66763977571547],[12.51875195,55.66763895],[12.5187597,55.66763708]],[[12.51883425,55.66761911],[12.518834293043478,55.66761910217391],[12.51883423,55.66761914],[12.51883329,55.66761935],[12.51883425,55.66761911]],[[12.51898153,55.66758362],[12.518834568625103,55.66761903310224],[12.51883458,55.66761903],[12.51898153,55.66758362]],[[12.51954804,55.66751809],[12.51954787,55.66751683],[12.519547766332378,55.667516046733525],[12.51954793,55.66751683],[12.51954804,55.66751809]],[[12.519547558904973,55.66751450981751],[12.51954732,55.66751276],[12.519547054193545,55.66751076645159],[12.5195474,55.6675128],[12.519547558904973,55.66751450981751]],[[12.51953942,55.66745404],[12.51953853,55.66744844],[12.51953831,55.66744706],[12.51953859,55.6674484],[12.51953942,55.66745404]],[[12.52075284,55.66718296],[12.52076365,55.66718223],[12.5207529,55.66718299],[12.52075274,55.667183],[12.52037656,55.66720837],[12.52075277,55.66718297],[12.52075284,55.66718296]],[[12.520763802184874,55.66718199403361],[12.52076389,55.66718186],[12.52078924,55.66714302],[12.52076394,55.66718187],[12.520763802184874,55.66718199403361]],[[12.52196237,55.66684973],[12.52211608,55.66681372],[12.52222785,55.66678753],[12.52211615,55.66681375],[12.52196237,55.66684973]],[[12.52331225,55.66651261],[12.523313068798476,55.6665058499199],[12.52331307,55.66650585],[12.52331225,55.66651261]],[[12.525873,55.66736081],[12.52606933,55.66694611],[12.52606962,55.6669455],[12.52606936,55.66694613],[12.525873,55.66736081]],[[12.52611777,55.66695426],[12.52615149,55.66696041],[12.52620251,55.6669697],[12.52621748,55.66697242],[12.526231600978264,55.66697499706462],[12.52621745,55.66697245],[12.52620257,55.66696973],[12.52615146,55.66696041],[12.52611782,55.66695427],[12.52606962,55.6669455],[12.52611777,55.66695426]],[[12.52099669,55.69346582],[12.52104369,55.69311262],[12.5210437,55.69311254],[12.52104371,55.69311263],[12.52099669,55.69346582]],[[12.51667559,55.69068318],[12.51666493,55.69067622],[12.51665564,55.69067017],[12.51666494,55.6906762],[12.51667559,55.69068318]],[[12.5159508,55.6904789],[12.51584297,55.69043811],[12.51571104,55.69038821],[12.51584303,55.69043811],[12.5159508,55.6904789]],[[12.51041085,55.68927195],[12.51014297,55.68921534],[12.50989036,55.68916196],[12.51014298,55.68921533],[12.51041085,55.68927195]],[[12.50988479,55.68916078],[12.50981865,55.68914684],[12.50988484,55.68916077],[12.50989036,55.68916196],[12.50988479,55.68916078]],[[12.50976528,55.68913553],[12.50976332,55.68913511],[12.50976526,55.68913551],[12.50981865,55.68914684],[12.50976528,55.68913553]],[[12.50886038,55.68895999],[12.50852001,55.68890771],[12.50850951,55.6889061],[12.50852,55.68890769],[12.50886038,55.68895999]],[[12.50847814,55.68890333],[12.50846635,55.6889023],[12.50847822,55.68890331],[12.50850951,55.6889061],[12.50847814,55.68890333]],[[12.50233184,55.68765724],[12.50212433,55.68757383],[12.5020685,55.68755138],[12.5021243,55.68757379],[12.50233184,55.68765724]],[[12.50114838,55.68697873],[12.50114844,55.68697846],[12.50115017,55.68697022],[12.50114851,55.68697845],[12.50114838,55.68697873]],[[12.50089597,55.68680997],[12.4997878,55.68622005],[12.49975071,55.6862003],[12.4997878,55.68622001],[12.50089597,55.68680997]],[[12.49815733,55.68527944],[12.49809706,55.68524703],[12.49669709,55.68449405],[12.49809713,55.68524699],[12.49815733,55.68527944]],[[12.49537849,55.68384343],[12.49521455,55.68382556],[12.49520588,55.68382461],[12.49521456,55.68382553],[12.49537849,55.68384343]],[[12.49447575,55.68313347],[12.49431374,55.68296509],[12.49422314,55.68287092],[12.49431382,55.68296509],[12.49447575,55.68313347]],[[12.49384349,55.68296806],[12.4937116,55.68282302],[12.49331868,55.68239092],[12.49371166,55.682823],[12.49384349,55.68296806]],[[12.49293248,55.68190451],[12.49287798,55.68180801],[12.492801806698703,55.68167314261721],[12.49287804,55.68180805],[12.49293248,55.68190451]],[[12.492610634176426,55.681334655174844],[12.49236031,55.68089143],[12.49193837,55.68014432],[12.49236037,55.68089146],[12.492610634176426,55.681334655174844]],[[12.491808970000056,55.67991480692317],[12.49180087,55.67990043],[12.491767885906274,55.67984187030111],[12.49180093,55.67990043],[12.491808970000056,55.67991480692317]],[[12.491728441953372,55.67977184472485],[12.49169481,55.67971214],[12.49161035,55.6795622],[12.49169486,55.67971211],[12.491728441953372,55.67977184472485]],[[12.49160878,55.67955523],[12.49154284,55.67928935],[12.49151609,55.67918149],[12.49154289,55.67928934],[12.49160878,55.67955523]],[[12.45291857,55.71277369],[12.45282006,55.71319537],[12.45283048,55.71315075],[12.45291857,55.71277369]],[[12.45302364,55.71232391],[12.45301958,55.71234126],[12.45302014,55.7123388],[12.45302364,55.71232391]],[[12.45302486,55.71231872],[12.45302485666667,55.71231872999999],[12.45302489,55.71231858],[12.45302486,55.71231872]],[[12.45303896,55.7122583],[12.45304175,55.71224631],[12.45304509,55.71223209],[12.45304177,55.71224633],[12.45303896,55.7122583]],[[12.42899684,55.7079014],[12.42898359,55.70788932],[12.42898405,55.70788972],[12.42899684,55.7079014]],[[12.43973599,55.71375216],[12.43949981,55.71373064],[12.43918078,55.71370155],[12.43946303,55.71372728],[12.43949981,55.71373063],[12.43973599,55.71375216]],[[12.44172143,55.71407052],[12.44153443,55.71403773],[12.44157341,55.71404456],[12.44172143,55.71407052]],[[12.44552013,55.71473841],[12.44563804,55.71475864],[12.44565032,55.71476074],[12.44563803,55.71475866],[12.44552013,55.71473841]],[[12.44740679,55.7149396],[12.44772953,55.71493466],[12.44786791,55.71493257],[12.44772953,55.71493467],[12.44740679,55.7149396]],[[12.44837472,55.71493808],[12.44833521,55.71493785],[12.4483631,55.714938],[12.44837472,55.71493808]],[[12.45013113,55.71495062],[12.45012802,55.7149506],[12.45013116,55.71495062],[12.45013113,55.71495062]],[[12.45034754,55.71495278],[12.45025746,55.71495184],[12.45028759,55.71495215],[12.45034754,55.71495278]],[[12.45594668487182,55.704935022564094],[12.45595364,55.70493077],[12.45594669,55.70493502],[12.45594668487182,55.704935022564094]],[[12.464254369999999,55.701951539999996],[12.46425438,55.70195156],[12.46426063,55.70197171],[12.464254369999999,55.701951539999996]],[[12.54280107,55.66492836],[12.54298451,55.66489168],[12.54280109,55.66492837],[12.54279639,55.66492931],[12.54280107,55.66492836]],[[12.54282299,55.66496666],[12.54281947,55.6649629],[12.54282303,55.66496669],[12.54283461,55.66497901],[12.54282299,55.66496666]],[[12.53941226,55.67023898],[12.5393801,55.6702481],[12.53941221,55.67023899],[12.53942632,55.67023499],[12.53941226,55.67023898]],[[12.53828556,55.67029462],[12.538317,55.67029209],[12.53831693,55.6702921],[12.53828556,55.67029462]],[[12.53861381,55.67027202],[12.53859087,55.67027172],[12.53858163,55.6702716],[12.53859087,55.67027169],[12.53861381,55.67027202]],[[12.54234743,55.67802186],[12.54241953,55.6780062],[12.54288991,55.67790413],[12.54241946,55.67800622],[12.54234743,55.67802186]],[[12.54252132,55.67842065],[12.54242383,55.67843363],[12.5424166,55.67843455],[12.5424238,55.6784336],[12.54252132,55.67842065]],[[12.54113258,55.68199334],[12.54110843,55.68199959],[12.54113253,55.68199332],[12.54113736,55.6819921],[12.54113258,55.68199334]],[[12.54372689,55.68131908],[12.54370384,55.68132505],[12.54372686,55.68131908],[12.54373277,55.68131756],[12.54372689,55.68131908]],[[12.54387102,55.68129121],[12.54383929,55.68129353],[12.54387106,55.68129118],[12.54392656,55.68128715],[12.54387102,55.68129121]],[[12.54399036,55.68129472],[12.54397054,55.68128084],[12.54399042,55.68129474],[12.54403427,55.68132548],[12.54399036,55.68129472]],[[12.54404443,55.68133409],[12.54405203,55.68134062],[12.54404442,55.68133413],[12.54403427,55.68132548],[12.54404443,55.68133409]],[[12.544954,55.70827078],[12.544953978958109,55.708270770427355],[12.545214447879312,55.70837944888888],[12.544954,55.70827078]],[[12.54597663071404,55.708670681063104],[12.54585698,55.70862745],[12.54549755,55.70849757],[12.54549751541961,55.708497555571725],[12.54585705,55.70862747],[12.54597663071404,55.708670681063104]],[[12.547169693277015,55.709090952619356],[12.54705348,55.70905072],[12.546821127201115,55.708970234432364],[12.54705343,55.70905069],[12.547169693277015,55.709090952619356]],[[12.548321218035756,55.709489778035724],[12.54832103,55.70948972],[12.5480831,55.70940731],[12.54832096,55.70948969],[12.548321218035756,55.709489778035724]],[[12.55425941,55.71102731],[12.55398005,55.71088524],[12.55361685,55.71070046],[12.55398004,55.71088521],[12.55425941,55.71102731]],[[12.54975735,55.70813493],[12.5497683,55.70814325],[12.54976933,55.70814412],[12.54976825,55.70814329],[12.54975735,55.70813493]],[[12.56177965,55.69632028],[12.56166452,55.69636364],[12.56157,55.69639921],[12.5616645,55.69636363],[12.56177965,55.69632028]],[[12.569387142500407,55.69199310499978],[12.5693857,55.69199389],[12.56846308,55.69249352],[12.56938571,55.69199388],[12.569387142500407,55.69199310499978]],[[12.57039356,55.6913871],[12.57040333,55.69139652],[12.57043375,55.6914263],[12.57040327,55.69139657],[12.57039356,55.6913871]],[[12.5549523,55.6841847],[12.55501787,55.68421445],[12.55495235,55.68418473],[12.55492209,55.68417101],[12.5549523,55.6841847]],[[12.56475219,55.67407591],[12.56474895,55.67407897],[12.56475217,55.67407591],[12.56475525,55.67407303],[12.56475219,55.67407591]],[[12.55481852,55.66762348],[12.55482077,55.66762197],[12.55502874,55.66748385],[12.55482074,55.66762201],[12.55481852,55.66762348]],[[12.55083576,55.6658179],[12.5508214,55.66582992],[12.55083574,55.6658179],[12.55099381,55.66568564],[12.55083576,55.6658179]],[[12.55108428,55.66578927],[12.55115662,55.66572678],[12.55108434,55.6657893],[12.55107165,55.66580019],[12.55108428,55.66578927]],[[12.55249268,55.67258725],[12.55237029,55.67253603],[12.55249274,55.67258724],[12.55251368,55.67259599],[12.55249268,55.67258725]],[[12.55249742,55.67252381],[12.55251123,55.67256908],[12.55249741,55.67252382],[12.55249449,55.67251427],[12.55249742,55.67252381]],[[12.55250356,55.67244414],[12.55249909,55.672444],[12.5525035,55.67244412],[12.55259909,55.67244659],[12.55250356,55.67244414]],[[12.54588703,55.66962161],[12.54586511,55.66968919],[12.545887,55.66962165],[12.54588787,55.66961902],[12.54588703,55.66962161]],[[12.549406,55.6727563],[12.54941551,55.67275396],[12.54940601,55.67275631],[12.54939605,55.67275875],[12.549406,55.6727563]],[[12.55487362,55.68425765],[12.5547232,55.68418918],[12.55487369,55.68425762],[12.55492059,55.68427895],[12.55487362,55.68425765]],[[12.55084941,55.68501607],[12.55045552,55.68504285],[12.5508494,55.68501607],[12.55100378,55.68500558],[12.55084941,55.68501607]],[[12.54857625,55.68516495],[12.5485731,55.68514744],[12.54855429,55.68504213],[12.54857312,55.68514746],[12.54857625,55.68516495]],[[12.55335976,55.68485166],[12.55330255,55.6848604],[12.55335972,55.68485165],[12.55347099,55.68483466],[12.55335976,55.68485166]],[[12.55345635,55.68482061],[12.55336359,55.68473149],[12.55345635,55.68482059],[12.55347099,55.68483466],[12.55345635,55.68482061]],[[12.55521465,55.66753659],[12.55521546,55.6675359],[12.55521472,55.66753655],[12.55519479,55.66755358],[12.55521465,55.66753659]],[[12.55522802,55.66752184],[12.55522802,55.66752187],[12.55521546,55.6675359],[12.55522802,55.66752184]],[[12.555228074545454,55.667521776363635],[12.55522808,55.66752177],[12.55522812,55.66752174],[12.55523105,55.66751845],[12.55522817,55.66752177],[12.555228074545454,55.667521776363635]],[[12.55524736,55.66750052],[12.55526295,55.66748426],[12.5552474,55.66750053],[12.555247275384612,55.667500613076925],[12.55524736,55.66750052]],[[12.56396074,55.66887708],[12.56453297,55.66847447],[12.56396078,55.66887711],[12.56396074,55.66887708]],[[12.55553684,55.68366736],[12.55519215,55.68374317],[12.55519199,55.68374318],[12.55519208,55.68374316],[12.55553684,55.68366736]],[[12.57429761,55.67637048],[12.57427912,55.67639278],[12.57429753,55.67637049],[12.57433083,55.67633003],[12.57429761,55.67637048]],[[12.574402283962547,55.676349062410324],[12.57440227,55.67634908],[12.57433083,55.67633003],[12.574402283962547,55.676349062410324]],[[12.592625478563498,55.70904909094091],[12.59253882,55.70912162],[12.59211498,55.70944856],[12.59215191,55.70951444],[12.59211496,55.70944854],[12.59253882,55.70912159],[12.592625478563498,55.70904909094091]],[[12.59229384,55.70871852],[12.592468055002039,55.70876585055424],[12.5922938,55.70871856],[12.592377993876074,55.7085149184487],[12.59229384,55.70871852]],[[12.59100602,55.70783739],[12.591006027575075,55.707837367198024],[12.59193059,55.70801448],[12.59185827,55.70828015],[12.592299049158452,55.70835436613252],[12.59185825,55.70828019],[12.59193052,55.70801453],[12.59100602,55.70783739]],[[12.59972429,55.69111022],[12.599703481701633,55.691111951902435],[12.59972434,55.69111019],[12.599743680835534,55.69110859866543],[12.59972429,55.69111022]],[[12.59979399,55.69110441],[12.599754002474832,55.69110773793782],[12.599794,55.69110437],[12.6000128,55.69108617],[12.59979399,55.69110441]],[[12.58817526,55.69155706],[12.58822674,55.6915911],[12.58817524,55.69155707],[12.58766736,55.69122135],[12.58817526,55.69155706]],[[12.58182351,55.68927765],[12.58180313,55.68928454],[12.58182348,55.68927766],[12.581825708652904,55.68927690591008],[12.58182351,55.68927765]],[[12.58523284,55.68153057],[12.58520523,55.68158524],[12.58523281,55.6815306],[12.58525507,55.68148649],[12.58523284,55.68153057]],[[12.58932698,55.67606218],[12.58980826,55.67565211],[12.58980829,55.67565209],[12.58932698,55.67606218]],[[12.58990129,55.6751826],[12.59003047,55.67556924],[12.58990126,55.67518256],[12.58988287566917,55.6751275325624],[12.58990129,55.6751826]],[[12.58933097,55.67362527],[12.58911352,55.67362246],[12.58933093,55.67362525],[12.58937413,55.6736258],[12.58933097,55.67362527]],[[12.59179532,55.67321896],[12.59163526,55.67330422],[12.59179531,55.67321896],[12.59192319,55.67315083],[12.59179532,55.67321896]],[[12.59011338,55.67321745],[12.5901604,55.67324662],[12.59011333,55.67321742],[12.59004535,55.67317526],[12.59011338,55.67321745]],[[12.5832835,55.72181734],[12.58313524,55.72183178],[12.58309371,55.72183583],[12.58313523,55.72183174],[12.5832835,55.72181734]],[[12.58111069,55.72204029],[12.58111384,55.72203993],[12.581114,55.72203992],[12.58111388,55.72203994],[12.58111076,55.72204029],[12.580967266856007,55.72205671597808],[12.58111069,55.72204029]],[[12.58045924,55.72211487],[12.58041889,55.72211399],[12.58031127,55.72211164],[12.58041886,55.72211398],[12.58045924,55.72211487]],[[12.57797915,55.72207923],[12.57796165,55.72209313],[12.57795494,55.72209846],[12.57796163,55.72209314],[12.57797915,55.72207923]],[[12.57090466,55.72255958],[12.57069125,55.72251854],[12.57028455,55.72244033],[12.57069125,55.7225185],[12.57090466,55.72255958]],[[12.56339096,55.72188165],[12.56322042,55.72193115],[12.56312867,55.72195778],[12.56322039,55.72193111],[12.56339096,55.72188165]],[[12.56322576,55.72193932],[12.56330092,55.72191844],[12.56339279,55.72189293],[12.56330096,55.72191843],[12.56322576,55.72193932]],[[12.56251918,55.72226232],[12.56225747,55.72223667],[12.5622509,55.72223603],[12.56225748,55.72223665],[12.56251918,55.72226232]],[[12.56224009,55.7222413],[12.5620555,55.72233135],[12.56224006,55.72224129],[12.5622509,55.72223603],[12.56224009,55.7222413]],[[12.55812887,55.7227698],[12.55800089,55.72285079],[12.55799932,55.72285178],[12.55800082,55.72285075],[12.55812887,55.7227698]],[[12.5520340239715,55.72343958098102],[12.5520291,55.72344084],[12.5519219,55.7234681],[12.55202903,55.72344081],[12.5520340239715,55.72343958098102]],[[12.58350045,55.68000341],[12.58350694,55.6799968],[12.58355853,55.67994417],[12.58350701,55.67999684],[12.58350045,55.68000341]],[[12.58344879,55.67997624],[12.58348739,55.67992152],[12.58344879,55.67997626],[12.58344414,55.67998285],[12.58344879,55.67997624]],[[12.57632757,55.6783981],[12.57632003,55.67840785],[12.57632756,55.67839811],[12.57633952,55.67838265],[12.57632757,55.6783981]],[[12.57634091,55.67838321],[12.57638661,55.6784016],[12.57634085,55.67838324],[12.57633952,55.67838265],[12.57634091,55.67838321]],[[12.57998763,55.67875455],[12.57996606,55.67874835],[12.57998762,55.67875454],[12.58003061,55.67876688],[12.57998763,55.67875455]],[[12.58032553,55.67892399],[12.580325489733127,55.678923981499956],[12.58035563047354,55.678880450001934],[12.58032553,55.67892399]],[[12.58249152,55.67963825],[12.58249452,55.6796538],[12.5824915,55.67963825],[12.58248693,55.67961437],[12.58249152,55.67963825]],[[12.58515999,55.68149206],[12.58514072,55.68149262],[12.58515993,55.68149206],[12.58517374,55.68149166],[12.58515999,55.68149206]],[[12.58047968,55.6826189],[12.580495356203773,55.68263030723757],[12.58049535,55.68263031],[12.58047967,55.6826189],[12.58008556,55.68259219],[12.58047968,55.6826189]],[[12.58128356,55.68901075],[12.58082266,55.68930796],[12.5812835,55.68901072],[12.581405720755322,55.688931980975894],[12.58128356,55.68901075]],[[12.5835794,55.68588122],[12.58356621,55.6858656],[12.58357942,55.68588122],[12.58348447,55.68589757],[12.5835794,55.68588122]],[[12.5820245,55.68659384],[12.58201772,55.68658586],[12.58197592,55.68653609],[12.58201776,55.68658582],[12.5820245,55.68659384]],[[12.58466721,55.67612359],[12.58469456,55.67607012],[12.58470419,55.6760513],[12.58469461,55.6760701],[12.58466721,55.67612359]],[[12.58985741,55.6732045],[12.59000193,55.67328488],[12.59000546,55.67328685],[12.59000188,55.67328486],[12.58985741,55.6732045]],[[12.5881007,55.673299],[12.58828987512359,55.67340744644303],[12.58810062,55.67329898],[12.58824494,55.67321133],[12.5881007,55.673299]],[[12.5862763,55.67548623],[12.58627817,55.67548231],[12.58627636,55.67548623],[12.58626449,55.67551193],[12.5862763,55.67548623]],[[12.58899203,55.67639049],[12.58895322,55.67629333],[12.58899204,55.67639047],[12.5889939,55.67639518],[12.58899203,55.67639049]],[[12.58797587,55.6802279],[12.58807125,55.68034265],[12.58816171,55.68045148],[12.58807121,55.68034263],[12.58797587,55.6802279]],[[12.5877224,55.68085],[12.58773336,55.68085626],[12.58775011,55.68086582],[12.58773331,55.68085624],[12.5877224,55.68085]],[[12.5911887,55.68560611],[12.59120152,55.68560102],[12.59127608,55.68557145],[12.59120161,55.68560105],[12.5911887,55.68560611]],[[12.587322363198528,55.683640800349266],[12.58732233,55.68364081],[12.58758444,55.68371362],[12.58732232,55.68364081],[12.587322363198528,55.683640800349266]],[[12.589036938189082,55.68347892333431],[12.58902277,55.68346239],[12.58902278502696,55.683462385873824],[12.589036938189082,55.68347892333431]],[[12.61811913,55.68655631],[12.61812353,55.68665551],[12.61812884,55.68677506],[12.61812352,55.68665554],[12.61811913,55.68655631]],[[12.62075117,55.68747682],[12.61995175,55.68726294],[12.61861717,55.68690579],[12.61847681,55.6868682],[12.618433921147405,55.686856710858756],[12.61847682,55.68686819],[12.61861715,55.68690575],[12.61995182,55.68726292],[12.62075117,55.68747682]],[[12.60038369,55.67958295],[12.60034736,55.67967833],[12.60038363,55.67958294],[12.60041888,55.67949037],[12.6004203,55.67948682],[12.60041894,55.6794904],[12.60038369,55.67958295]],[[12.60155145,55.67552076],[12.60155037,55.67552058],[12.6015515,55.67552072],[12.6016962,55.67554552],[12.60155145,55.67552076]],[[12.61008228,55.68050666],[12.60995381382751,55.6805175545871],[12.60995381,55.68051754],[12.610082278948946,55.680506656019496],[12.61008228,55.68050666]],[[12.609977871950775,55.680609243024286],[12.60999557,55.68067651],[12.61017648,55.68066497],[12.61017650761808,55.680665011425766],[12.60999553,55.68067654],[12.609977871950775,55.680609243024286]],[[12.60985281,55.68172804],[12.60972957,55.68172896],[12.60985282,55.68172803],[12.61064596,55.68172213],[12.60985281,55.68172804]],[[12.60983946,55.68179155],[12.61012951,55.68195673],[12.60983942,55.68179155],[12.60972957,55.68172896],[12.60983946,55.68179155]],[[12.59261092,55.67370253],[12.59272892,55.67364129],[12.59261091,55.67370257],[12.59243548,55.67379358],[12.59261092,55.67370253]],[[12.60117177,55.67653043],[12.60128555,55.67648551],[12.60130859,55.67647641],[12.60128556,55.67648554],[12.60117177,55.67653043]],[[12.59515349,55.68021378],[12.59549949,55.68012061],[12.59637555,55.67988471],[12.59549951,55.68012064],[12.59515349,55.68021378]],[[12.596702539392824,55.68667340092356],[12.597252558098823,55.68652934311709],[12.59725257,55.68652936],[12.596702539392824,55.68667340092356]],[[12.60654079,55.68358179],[12.60658934,55.68358377],[12.6068931,55.68359615],[12.60705585,55.68360279],[12.60689306,55.68359616],[12.60658936,55.68358378],[12.60654079,55.68358179]],[[12.5948265,55.6811016],[12.59482364,55.68109818],[12.59465834,55.68089765],[12.59482365,55.68109814],[12.5948265,55.6811016]],[[12.59448359,55.6807018],[12.59520677,55.68051146],[12.59521423,55.68050954],[12.5952068,55.68051149],[12.59448359,55.6807018]],[[12.5959765,55.6824481],[12.59599081,55.68245104],[12.59597654,55.68244813],[12.59594863,55.68244238],[12.5959765,55.6824481]],[[12.59698259,55.68265457],[12.59700365,55.6826589],[12.59698257,55.68265457],[12.59694039,55.68264592],[12.59698259,55.68265457]],[[12.59270287,55.68769067],[12.59270442,55.68769017],[12.59273348,55.68768078],[12.59270436,55.68769019],[12.59270287,55.68769067]],[[12.61613755,55.70040604],[12.61615659,55.70041052],[12.61613756,55.70040607],[12.61612584,55.70040333],[12.61613755,55.70040604]]],[[[14.52822907,54.59467346],[14.4130662,54.6577167],[14.4130605,54.7122866],[14.4130501,54.8118996],[14.1894516,54.8118996],[14.1716664,54.8118996],[13.9917,54.9618502],[14.07254303,55.02277088],[14.26756953,55.16872818],[14.359414386069012,55.162993677688576],[14.26769265,55.16876757],[14.45733353,55.30985161],[14.47613179,55.32224841],[15.0417672,55.690933],[15.57707339,55.56873706],[15.61322128,55.56037486],[15.8086466,55.5149236],[15.98786083,55.47428902],[15.98786098,55.47428898],[15.98786111,55.47428895],[16.50951158,55.35404769],[16.5106028,55.3537889],[16.025,55.2516944],[16.0138889,55.2077778],[15.9972222,55.1669444],[15.9927778,55.1208333],[15.9908333,55.0530556],[15.98999433,55.04933261],[15.9783333,54.9975],[15.9575,54.9477778],[15.9302778,54.9030556],[15.9113889,54.8658333],[15.89464033,54.85124655],[15.8197222,54.7858333],[15.80857184,54.77659099],[15.7675,54.7425],[15.71033043,54.70041976],[15.7075,54.6983333],[15.6965179,54.6945312],[15.5730556,54.6516667],[15.4836111,54.6222222],[15.3144444,54.5888889],[15.2269444,54.5744444],[15.1172222,54.5666667],[15.0161111,54.5666667],[14.9013889,54.5777778],[14.87448112,54.58174633],[14.7994444,54.5927778],[14.6902778,54.6141667],[14.6356333,54.5356083],[14.52823248,54.5946716],[14.52822903,54.59467341],[14.52822907,54.59467346]]]]}}]}